[
  {
    "id": "signature-chocolate-collection-25-piece",
    "img": "https://goldbelly.imgix.net/uploads/showcase_media_asset/image/106318/large-signature-collection.6f21146f2b1945d80f7931d69b763ba7.jpg?ixlib=react-9.0.2&auto=format&ar=1%3A1",
    "name": "Knipschildt Chocolatier",
    "dsc": "Signature Chocolate Collection Chocolate Gift Box - 25 Piece",
    "price": 60,
    "rate": 4,
    "country": "Norwalk, CT"
  },
  {
    "id": "20482-chocolate-truffle-cake",
    "img": "https://goldbelly.imgix.net/uploads/showcase_media_asset/image/131261/chocolate-truffle-cake.289d1e58e4f0ca2dd39568fba9c17e91.jpg?ixlib=react-9.0.2&auto=format&ar=1%3A1",
    "name": "Ferrara Bakery",
    "dsc": "Chocolate Truffle Cake",
    "price": 59,
    "rate": 5,
    "country": "New York, NY"
  },
  {
    "id": "signature-macarons-chocolates-16-pieces",
    "img": "https://goldbelly.imgix.net/uploads/showcase_media_asset/image/132333/signature-macarons-chocolates-16-pieces.6072c1e13db3f2ebca89db228f421715.jpg?ixlib=react-9.0.2&auto=format&ar=1%3A1",
    "name": "Sucré",
    "dsc": "Signature Macarons + Chocolates - 16 Pieces",
    "price": 65,
    "rate": 4,
    "country": "New Orleans, LA"
  },
  {
    "id": "jacques-world-famous-chocolate-chip-cookies",
    "img": "https://goldbelly.imgix.net/uploads/showcase_media_asset/image/81172/jacques-world-famous-chocolate-chip-cookies-6-pack.2217a14c443602493bba88aa9335319a.jpg?ixlib=react-9.0.2&auto=format&ar=1%3A1",
    "name": "Jacques Torres Chocolate",
    "dsc": "Jacques’ World Famous Chocolate Chip Cookies - 6 Pack",
    "price": 39.95,
    "rate": 4,
    "country": "New York, NY"
  },
  {
    "id": "milk-chocolate-turtle-gophers-gift-box-of-24",
    "img": "https://goldbelly.imgix.net/uploads/showcase_media_asset/image/97018/milk-chocolate-turtle-gophers-gift-box-of-24.9e12dafbdf9401faa776c2389c05b850.jpg?ixlib=react-9.0.2&auto=format&ar=1%3A1",
    "name": "Savannah's Candy Kitchen",
    "dsc": "Milk Chocolate Turtle Gophers - Gift Box of 24",
    "price": 59,
    "rate": 4,
    "country": "Savannah, GA"
  },
  {
    "id": "chocolate-stack-12-bars",
    "img": "https://goldbelly.imgix.net/uploads/showcase_media_asset/image/82587/chocolate-stack-12-bars.1d613389b988a1b21bcf46105306a55a.jpg?ixlib=react-9.0.2&auto=format&ar=1%3A1",
    "name": "Kreuther Handcrafted Chocolate",
    "dsc": "Chocolate Stack - 12 Bars",
    "price": 99,
    "rate": 5,
    "country": "New York, NY"
  },
  {
    "id": "15259-german-chocolate-killer-brownie-tin-pack",
    "img": "https://goldbelly.imgix.net/uploads/showcase_media_asset/image/132029/german-chocolate-killer-brownie-tin-pack.5ebc34160f28767a9d94c4da2e04c4b9.jpg?ixlib=react-9.0.2&auto=format&ar=1%3A1",
    "name": "Killer Brownie®",
    "dsc": "German Chocolate Killer Brownie®",
    "price": 39.99,
    "rate": 4,
    "country": "Dayton, OH"
  },
  {
    "id": "dark-chocolate-truffle-collection-16-pieces",
    "img": "https://goldbelly.imgix.net/uploads/showcase_media_asset/image/131532/dark-chocolate-truffle-collection-16-pieces.4109f4f80d9d9ddf81d7b704424245f8.jpg?ixlib=react-9.0.2&auto=format&ar=1%3A1",
    "name": "Vosges Haut-Chocolat",
    "dsc": "Dark Chocolate Truffle Collection - 16 Pieces",
    "price": 49,
    "rate": 5,
    "country": "Chicago, IL"
  },
  {
    "id": "raspberry-chocolate-pie",
    "img": "https://goldbelly.imgix.net/uploads/showcase_media_asset/image/131947/raspberry-chocolate-pie.c40248c44adb974a159d7f100011c987.jpg?ixlib=react-9.0.2&auto=format&ar=1%3A1",
    "name": "Pietisserie",
    "dsc": "Raspberry Chocolate Pie",
    "price": 79,
    "rate": 4,
    "country": "Oakland, CA"
  },
  {
    "id": "k-m-chocolate-sampler-gift-box",
    "img": "https://goldbelly.imgix.net/uploads/showcase_media_asset/image/97479/k-m-chocolate-sampler-gift-box.e29912ba4410a090b1659cbe8aa8e2fa.jpg?ixlib=react-9.0.2&auto=format&ar=1%3A1",
    "name": "Chocolate by Thomas Keller + Armando Manni",
    "dsc": "K+M Chocolate Sampler Gift Box",
    "price": 59,
    "rate": 4,
    "country": "Napa, CA"
  },
  {
    "id": "chocolate-fudge-cake",
    "img": "https://goldbelly.imgix.net/uploads/showcase_media_asset/image/89476/chocolate-fudge-cake.1b255e0cd6b684b34d9e8f7c3f0fbb3a.jpg?ixlib=react-9.0.2&auto=format&ar=1%3A1",
    "name": "Carlo's Bakery",
    "dsc": "Chocolate Fudge Cake",
    "price": 69.95,
    "rate": 4,
    "country": "Hoboken, NJ"
  },
  {
    "id": "chocolate-covered-cupcake-half-dozen",
    "img": "https://goldbelly.imgix.net/uploads/showcase_media_asset/image/98898/chocolate-covered-cupcake-half-dozen.90ecdfa8028d2e46ead8f3c210e1946e.jpg?ixlib=react-9.0.2&auto=format&ar=1%3A1",
    "name": "Brooklyn Cupcake",
    "dsc": "Chocolate Covered Cupcake - 6 Pack",
    "price": 65,
    "rate": 4,
    "country": "Brooklyn, NY"
  },
  {
    "id": "double-chocolate-cake",
    "img": "https://goldbelly.imgix.net/uploads/showcase_media_asset/image/131604/double-chocolate-cake.bff63e243145fe04ec8a384d1bc1926c.gif?ixlib=react-9.0.2&auto=format&ar=1%3A1",
    "name": "Magnolia Bakery",
    "dsc": "Double Chocolate Cake",
    "price": 65,
    "rate": 5,
    "country": "New York, NY"
  },
  {
    "id": "chocolate-ganache-fudge-brownie",
    "img": "https://goldbelly.imgix.net/uploads/showcase_media_asset/image/108595/chocolate-ganache-fudge-brownie.fb14f000098178f7520f89e167756deb.jpg?ixlib=react-9.0.2&auto=format&ar=1%3A1",
    "name": "Colts Chocolate",
    "dsc": "Chocolate Ganache Fudge Brownie",
    "price": 45,
    "rate": 4,
    "country": "Nashville, TN"
  },
  {
    "id": "award-winning-chocolate-4-layer-cake",
    "img": "https://goldbelly.imgix.net/uploads/showcase_media_asset/image/90005/award-winning-chocolate-4-layer-cake.b1667fe724c35e1461aad64bc1f982d3.jpeg?ixlib=react-9.0.2&auto=format&ar=1%3A1",
    "name": "We Take the Cake",
    "dsc": "Award-Winning Chocolate 4-Layer Cake",
    "price": 79,
    "rate": 5,
    "country": "Ft Lauderdale, FL"
  },
  {
    "id": "signature-chocolate-collection-15-pieces",
    "img": "https://goldbelly.imgix.net/uploads/showcase_media_asset/image/123407/signature-chocolate-collection-15-pieces.a2e79d99347af6d6247636f08083167c.jpg?ixlib=react-9.0.2&auto=format&ar=1%3A1",
    "name": "Sucré",
    "dsc": "Signature Chocolate Collection - 15 Pieces",
    "price": 65,
    "rate": 4,
    "country": "New Orleans, LA"
  },
  {
    "id": "whisky-dark-chocolate-cake",
    "img": "https://goldbelly.imgix.net/uploads/showcase_media_asset/image/134355/whisky-dark-chocolate-cake.bef20867a13e7e802310b10b63eba282.jpg?ixlib=react-9.0.2&auto=format&ar=1%3A1",
    "name": "Lady M Confections",
    "dsc": "Whisky Dark Chocolate Cake",
    "price": 125,
    "rate": 5,
    "country": "New York, NY"
  },
  {
    "id": "signature-chocolate-collection-12-piece",
    "img": "https://goldbelly.imgix.net/uploads/showcase_media_asset/image/106341/medium-signature-chocolate-box.51543f5d16b82434582d85c9c40b201c.jpg?ixlib=react-9.0.2&auto=format&ar=1%3A1",
    "name": "Knipschildt Chocolatier",
    "dsc": "Signature Chocolate Collection Gift Box- 12 Piece",
    "price": 32,
    "rate": 5,
    "country": "Norwalk, CT"
  },
  {
    "id": "double-chocolate-cheesecake-with-ghirardelli-chocolate",
    "img": "https://goldbelly.imgix.net/uploads/showcase_media_asset/image/134351/double-chocolate-cheesecake-with-ghirardelli-chocolate.8dbc9e4bd74b2ef7d962e1b3811dd43e.jpg?ixlib=react-9.0.2&auto=format&ar=1%3A1",
    "name": "Eli's Cheesecake Company",
    "dsc": "Double Chocolate Cheesecake with Ghirardelli® Chocolate",
    "price": 74,
    "rate": 4,
    "country": "Chicago, IL"
  },
  {
    "id": "chocolate-cheesecake",
    "img": "https://goldbelly.imgix.net/uploads/showcase_media_asset/image/77825/chocolate-cheesecake.0ec6ea97866d14cef7f66b58abd98ea9.jpg?ixlib=react-9.0.2&auto=format&ar=1%3A1",
    "name": "The Nuns of New Skete",
    "dsc": "Chocolate Cheesecake - 6\"",
    "price": 49,
    "rate": 4,
    "country": "Cambridge, NY"
  },
  {
    "id": "dark-chocolate-truffle-collection-9-pieces",
    "img": "https://goldbelly.imgix.net/uploads/showcase_media_asset/image/133303/dark-chocolate-truffle-collection-9-pieces.4135c2ff34f76c89830c15e6048afd50.jpg?ixlib=react-9.0.2&auto=format&ar=1%3A1",
    "name": "Vosges Haut-Chocolat",
    "dsc": "Dark Chocolate Truffle Collection - 9 Pieces",
    "price": 34,
    "rate": 5,
    "country": "Chicago, IL"
  },
  {
    "id": "double-chocolate-babka",
    "img": "https://goldbelly.imgix.net/uploads/showcase_media_asset/image/134184/double-chocolate-babka.e7bca1ea0d2327e31179841ef74a4611.jpg?ixlib=react-9.0.2&auto=format&ar=1%3A1",
    "name": "Oneg Bakery",
    "dsc": "Double Chocolate Babka",
    "price": 59,
    "rate": 5,
    "country": "Brooklyn, NY"
  },
  {
    "id": "chocolate-mousse-supreme-cake",
    "img": "https://goldbelly.imgix.net/uploads/showcase_media_asset/image/133142/chocolate-mousse-supreme-cake.5fe7244dd7efb592e941587d8e336ad3.jpg?ixlib=react-9.0.2&auto=format&ar=1%3A1",
    "name": "Carousel Cakes",
    "dsc": "Chocolate Mousse Supreme Cake",
    "price": 49,
    "rate": 4,
    "country": "Nanuet, NY"
  },
  {
    "id": "the-boys-chocolate-pizza-3-pack",
    "img": "https://goldbelly.imgix.net/uploads/showcase_media_asset/image/97161/famous-chocolate-pizza-3-pack.23e77730a97a44b9b6918f8c6b844e51.jpg?ixlib=react-9.0.2&auto=format&ar=1%3A1",
    "name": "Craig's LA",
    "dsc": "Famous Chocolate Pizza - 3 Pack",
    "price": 69,
    "rate": 5,
    "country": "West Hollywood, CA"
  },
  {
    "id": "chocolate-pretzel-passion-gift-assortment",
    "img": "https://goldbelly.imgix.net/uploads/showcase_media_asset/image/123066/chocolate-pretzel-passion-gift-assortment.a74f130ab33eb159450541f6b2932389.jpg?ixlib=react-9.0.2&auto=format&ar=1%3A1",
    "name": "Sugar Plum",
    "dsc": "Chocolate Pretzel Passion Gift Assortment",
    "price": 69,
    "rate": 4,
    "country": "Forty Fort, PA"
  },
  {
    "id": "chocolate-tease-gift-box",
    "img": "https://goldbelly.imgix.net/uploads/showcase_media_asset/image/90318/chocolate-tease-gift-box.2115f3d653b78b791d9ace9354509614.jpg?ixlib=react-9.0.2&auto=format&ar=1%3A1",
    "name": "Cake Chicago",
    "dsc": "Chocolate Tease Gift Box",
    "price": 89,
    "rate": 4,
    "country": "Chicago, IL"
  },
  {
    "id": "milk-chocolate-truffle-collection-16-pieces",
    "img": "https://goldbelly.imgix.net/uploads/showcase_media_asset/image/81236/milk-chocolate-truffle-collection-16-pieces.be97988ab2fff3c32ed9f7c2187b33c7.jpg?ixlib=react-9.0.2&auto=format&ar=1%3A1",
    "name": "Vosges Haut-Chocolat",
    "dsc": "Milk Chocolate Truffle Collection - 16 Pieces",
    "price": 49,
    "rate": 5,
    "country": "Chicago, IL"
  },
  {
    "id": "15678-not-a-nutter-killer-brownies",
    "img": "https://goldbelly.imgix.net/uploads/showcase_media_asset/image/68639/not-a-nutter-killer-brownies.d152046f07bd1947176e1650891fd9f5.jpg?ixlib=react-9.0.2&auto=format&ar=1%3A1",
    "name": "Killer Brownie®",
    "dsc": "Triple Chocolate Killer Brownies®",
    "price": 39.99,
    "rate": 4,
    "country": "Dayton, OH"
  },
  {
    "id": "signature-chocolate-collection-8-pieces",
    "img": "https://goldbelly.imgix.net/uploads/showcase_media_asset/image/132095/signature-chocolate-collection-8-pieces.d253c3253a84123d64a4792c9e4363b5.jpg?ixlib=react-9.0.2&auto=format&ar=1%3A1",
    "name": "Sucré",
    "dsc": "Signature Chocolate Collection - 8 Pieces",
    "price": 49,
    "rate": 5,
    "country": "New Orleans, LA"
  },
  {
    "id": "chocolate-whoopie-pies",
    "img": "https://goldbelly.imgix.net/uploads/showcase_media_asset/image/77887/chocolate-whoopie-pies.80ab8b83a3f272ff8e1eee50e7c5869d.jpeg?ixlib=react-9.0.2&auto=format&ar=1%3A1",
    "name": "McClure's Bakery",
    "dsc": "Chocolate Whoopie Pies",
    "price": 35,
    "rate": 5,
    "country": "Gap, PA"
  },
  {
    "id": "outrageous-dark-chocolate-chocolate-chunk-cookies-12-pack",
    "img": "https://goldbelly.imgix.net/uploads/showcase_media_asset/image/137162/SweetHedys-Outrageous-Dark-Chocolate-Chunk-Product-1.jpg?ixlib=react-9.0.2&auto=format&ar=1%3A1",
    "name": "Sweet Hedy",
    "dsc": "Outrageous Dark Chocolate Chocolate Chunk Cookies - 12 Pack",
    "price": 64,
    "rate": 4,
    "country": "Miami, FL"
  },
  {
    "id": "double-chocolate-almond-fudge-cookies-dozen",
    "img": "https://goldbelly.imgix.net/uploads/showcase_media_asset/image/134450/double-chocolate-almond-fudge-cookies-dozen.df65a64c34daa39545f013ceee53a4f8.jpg?ixlib=react-9.0.2&auto=format&ar=1%3A1",
    "name": "Kreuther Handcrafted Chocolate",
    "dsc": "Double Chocolate Almond Fudge Cookies - Dozen",
    "price": 69,
    "rate": 5,
    "country": "New York, NY"
  },
  {
    "id": "20-layer-chocolate-peanut-butter-cake",
    "img": "https://goldbelly.imgix.net/uploads/showcase_media_asset/image/133914/20-layer-chocolate-peanut-butter-cake-for-6-8.4dd9bebd3e21ec24b4f8344f080ee5ab.jpg?ixlib=react-9.0.2&auto=format&ar=1%3A1",
    "name": "LAVO",
    "dsc": "20 Layer Chocolate Peanut Butter Cake",
    "price": 105,
    "rate": 4,
    "country": "New York, NY"
  },
  {
    "id": "14913-chocolate-bees",
    "img": "https://goldbelly.imgix.net/uploads/showcase_media_asset/image/132418/chocolate-bees-with-caramelized-honey-center.eac0fef67d17204cc38d6742b7f36115.jpg?ixlib=react-9.0.2&auto=format&ar=1%3A1",
    "name": "John & Kira's",
    "dsc": "Chocolate Bees With Caramelized Honey Center",
    "price": 39,
    "rate": 5,
    "country": "Philadelphia, PA"
  },
  {
    "id": "heart-shaped-chocolate-pizza-with-mallet",
    "img": "https://goldbelly.imgix.net/uploads/showcase_media_asset/image/98003/heart-shaped-chocolate-pizza-with-mallet.58490f28e404729412d52e0b224f20cb.jpg?ixlib=react-9.0.2&auto=format&ar=1%3A1",
    "name": "Sugar Plum",
    "dsc": "Heart Shaped Chocolate Pizza with Mallet",
    "price": 55,
    "rate": 5,
    "country": "Forty Fort, PA"
  },
  {
    "id": "chocolate-mille-crepes-cake",
    "img": "https://goldbelly.imgix.net/uploads/showcase_media_asset/image/126479/chocolate-mille-crepes-cake.3ed3d988314b5f42fcc3d24095f2105d.jpg?ixlib=react-9.0.2&auto=format&ar=1%3A1",
    "name": "Lady M Confections",
    "dsc": "Chocolate Mille Crêpes Cake",
    "price": 95,
    "rate": 5,
    "country": "New York, NY"
  },
  {
    "id": "chocolate-outrage-cake",
    "img": "https://goldbelly.imgix.net/uploads/showcase_media_asset/image/93607/chocolate-outrage-cake.52608e8b20476800690445ad646ff7f5.jpg?ixlib=react-9.0.2&auto=format&ar=1%3A1",
    "name": "Carousel Cakes",
    "dsc": "Chocolate Outrage Cake",
    "price": 49,
    "rate": 4,
    "country": "Nanuet, NY"
  },
  {
    "id": "chocolate-fudge-rainbow-cake",
    "img": "https://goldbelly.imgix.net/uploads/showcase_media_asset/image/91119/chocolate-fudge-rainbow-cake.b55af0b5cbbd3d65e0bb9486efe24c6a.jpg?ixlib=react-9.0.2&auto=format&ar=1%3A1",
    "name": "Carlo's Bakery",
    "dsc": "Chocolate Fudge Rainbow Cake",
    "price": 69.95,
    "rate": 4,
    "country": "Hoboken, NJ"
  },
  {
    "id": "jacques-world-famous-chocolate-chip-cookies-12-pack",
    "img": "https://goldbelly.imgix.net/uploads/showcase_media_asset/image/83825/jacques-world-famous-chocolate-chip-cookies-12-pack.3b373bdd67cd25084182c21499f675d1.jpg?ixlib=react-9.0.2&auto=format&ar=1%3A1",
    "name": "Jacques Torres Chocolate",
    "dsc": "Jacques’ World Famous Chocolate Chip Cookies - 12 Pack",
    "price": 69.95,
    "rate": 5,
    "country": "New York, NY"
  },
  {
    "id": "chocolate-rads-4-pack",
    "img": "https://goldbelly.imgix.net/uploads/showcase_media_asset/image/119489/chocolate-rads-4-pack.2b8ba40b738f8394205d150abd0f8d72.jpg?ixlib=react-9.0.2&auto=format&ar=1%3A1",
    "name": "The Model Bakery",
    "dsc": "Chocolate Rads - 4 Pack",
    "price": 19,
    "rate": 5,
    "country": "Napa Valley, CA"
  },
  {
    "id": "24011-chocolate-and-cinnamon-babka-3-pack",
    "img": "https://goldbelly.imgix.net/uploads/showcase_media_asset/image/132984/breads-chocolate-and-cinnamon-babka-3-pack.b5c36a0ccbbec8dd7c23771cfa0603fb.jpg?ixlib=react-9.0.2&auto=format&ar=1%3A1",
    "name": "Breads Bakery",
    "dsc": "Breads Chocolate and Cinnamon Babka - 3 Pack",
    "price": 49.95,
    "rate": 5,
    "country": "New York, NY"
  },
  {
    "id": "signature-chocolate-tower",
    "img": "https://goldbelly.imgix.net/uploads/showcase_media_asset/image/132872/signature-chocolate-tower.143747076dc0b522fa5043abc1ec0e59.jpg?ixlib=react-9.0.2&auto=format&ar=1%3A1",
    "name": "John & Kira's",
    "dsc": "Signature Chocolate Gift Tower",
    "price": 99,
    "rate": 4,
    "country": "Philadelphia, PA"
  },
  {
    "id": "chocolate-candy-striped-gift-tin",
    "img": "https://goldbelly.imgix.net/uploads/showcase_media_asset/image/97032/chocolate-candy-striped-gift-tin.ab7c2ebff7fa9dc77e6386b9a9c97473.jpg?ixlib=react-9.0.2&auto=format&ar=1%3A1",
    "name": "Savannah's Candy Kitchen",
    "dsc": "Chocolate Candy Striped Gift Tin",
    "price": 59,
    "rate": 5,
    "country": "Savannah, GA"
  },
  {
    "id": "flourless-chocolate-cake",
    "img": "https://goldbelly.imgix.net/uploads/showcase_media_asset/image/121527/flourless-chocolate-cake.3d1d6395d574403aa10c1e0249a09539.jpg?ixlib=react-9.0.2&auto=format&ar=1%3A1",
    "name": "Goldberg's Fine Foods",
    "dsc": "Flourless Chocolate Cake",
    "price": 99,
    "rate": 5,
    "country": "Atlanta, GA"
  },
  {
    "id": "chocolate-dipped-macaroons",
    "img": "https://goldbelly.imgix.net/uploads/showcase_media_asset/image/69848/chocolate-dipped-macaroons.df025cfd54bffa6a05d2cbf371516959.jpg?ixlib=react-9.0.2&auto=format&ar=1%3A1",
    "name": "Danny Macaroons",
    "dsc": "Chocolate Dipped Macaroons",
    "price": 34,
    "rate": 5,
    "country": "New York, NY"
  },
  {
    "id": "dark-chocolate-nutty-cups",
    "img": "https://goldbelly.imgix.net/uploads/showcase_media_asset/image/134701/dark-chocolate-nutty-cups-assortment.eb1e3506a38ece5b86415bfd84198fe2.jpg?ixlib=react-9.0.2&auto=format&ar=1%3A1",
    "name": "Jessie's Nutty Cups",
    "dsc": "Dark Chocolate Nutty Cups Assortment",
    "price": 35,
    "rate": 4,
    "country": "New York, NY"
  },
  {
    "id": "chocolate-cherry-sumptuous-assortment",
    "img": "https://goldbelly.imgix.net/uploads/showcase_media_asset/image/96299/chocolate-cherries-and-nuts-sumptuous-assortment.afeacf174313c4fc32fa4c443ffa3dfc.jpg?ixlib=react-9.0.2&auto=format&ar=1%3A1",
    "name": "Chukar Cherries",
    "dsc": "Chocolate Cherries and Nuts Sumptuous Assortment",
    "price": 74.95,
    "rate": 4,
    "country": "Prosser, WA"
  },
  {
    "id": "15538-chocolate-pecan-bourbon",
    "img": "https://goldbelly.imgix.net/uploads/showcase_media_asset/image/131607/chocolate-pecan-bourbon-pie.2ff5b3a4721d65bc7d40e6206a45b5ee.jpg?ixlib=react-9.0.2&auto=format&ar=1%3A1",
    "name": "Michele's Pies",
    "dsc": "Chocolate Pecan Bourbon Pie",
    "price": 64,
    "rate": 5,
    "country": "Norwalk, CT"
  },
  {
    "id": "chocolate-chip-cookie-cake",
    "img": "https://goldbelly.imgix.net/uploads/showcase_media_asset/image/118296/chocolate-chip-cookie-cake.6d422e0c37ada9eef8032a3fda4ed7b3.jpg?ixlib=react-9.0.2&auto=format&ar=1%3A1",
    "name": "Mini Melanie",
    "dsc": "Chocolate Chip Cookie Cake",
    "price": 64,
    "rate": 5,
    "country": "Brooklyn, NY"
  },
  {
    "id": "2-lou-malnatis-deep-dish-pizzas-lezza-chocolate-cake",
    "img": "https://goldbelly.imgix.net/uploads/showcase_media_asset/image/106830/2-lou-malnatis-deep-dish-pizzas-lezza-chocolate-cake.f791b76ca45f684a6c0512aa4aec56aa.jpg?ixlib=react-9.0.2&auto=format&ar=1%3A1",
    "name": "Lou Malnati's Pizza",
    "dsc": "2 Lou Malnati's Deep Dish Pizzas + Lezza Chocolate Cake",
    "price": 104.99,
    "rate": 4,
    "country": "Chicago, IL"
  },
  {
    "id": "chocolate-marshmallows",
    "img": "https://goldbelly.imgix.net/uploads/showcase_media_asset/image/108670/chocolate-marshmallows.a5bb2a6f0b25f6058e82e486bc34020b.jpg?ixlib=react-9.0.2&auto=format&ar=1%3A1",
    "name": "Colts Chocolate",
    "dsc": "Chocolate Marshmallows",
    "price": 25,
    "rate": 5,
    "country": "Nashville, TN"
  },
  {
    "id": "chocolate-peanut-butter-smith-island-cake",
    "img": "https://goldbelly.imgix.net/uploads/showcase_media_asset/image/112338/chocolate-peanut-butter-smith-island-cake.0f8b6c0c3d55fcab6f56b0a1b6fd8145.jpg?ixlib=react-9.0.2&auto=format&ar=1%3A1",
    "name": "Chesapeake Bay Gourmet",
    "dsc": "Chocolate Peanut Butter Smith Island Cake",
    "price": 64,
    "rate": 5,
    "country": "Jessup, MD"
  },
  {
    "id": "chocolate-fudge-cake-8",
    "img": "https://goldbelly.imgix.net/uploads/showcase_media_asset/image/117940/chocolate-fudge-cake-8.8b8a6b0d787c2a69513e637f8d063c7f.jpg?ixlib=react-9.0.2&auto=format&ar=1%3A1",
    "name": "Rustika Cafe and Bakery",
    "dsc": "Chocolate Fudge Cake - 8\"",
    "price": 89,
    "rate": 4,
    "country": "Houston, TX"
  },
  {
    "id": "jumbo-chocolate-chip-cookie-cake",
    "img": "https://goldbelly.imgix.net/uploads/showcase_media_asset/image/134742/jumbo-chocolate-chip-cookie-cake.46a332c5fb281e93c82e6578365937d5.jpg?ixlib=react-9.0.2&auto=format&ar=1%3A1",
    "name": "Carlo's Bakery",
    "dsc": "Jumbo Chocolate Chip Cookie Cake",
    "price": 39.95,
    "rate": 4,
    "country": "Hoboken, NJ"
  },
  {
    "id": "double-chocolate-almond-fudge-chocolate-chip-cookie-dozen",
    "img": "https://goldbelly.imgix.net/uploads/showcase_media_asset/image/106645/double-chocolate-almond-fudge-chocolate-chip-cookie-dozen.9581815c5f57c01c26353c8eb52a6a08.jpg?ixlib=react-9.0.2&auto=format&ar=1%3A1",
    "name": "Kreuther Handcrafted Chocolate",
    "dsc": "Double Chocolate Almond Fudge + Chocolate Chip Cookie Dozen",
    "price": 69,
    "rate": 5,
    "country": "New York, NY"
  },
  {
    "id": "20363-triple-chocolate-cake",
    "img": "https://goldbelly.imgix.net/uploads/showcase_media_asset/image/134638/triple-chocolate-cake.122224edae9326c45d6f08f343414bbf.jpg?ixlib=react-9.0.2&auto=format&ar=1%3A1",
    "name": "Red Truck Bakery",
    "dsc": "Triple Chocolate Cake",
    "price": 32,
    "rate": 5,
    "country": "Marshall, VA"
  },
  {
    "id": "17641-wilbur-the-chocolate-moose",
    "img": "https://goldbelly.imgix.net/uploads/showcase_media_asset/image/133618/wilbur-the-chocolate-moose.2503248c80b80f9fd7ca0c7fd865cccf.jpg?ixlib=react-9.0.2&auto=format&ar=1%3A1",
    "name": "Wilbur's of Maine Chocolate Confections",
    "dsc": "Wilbur the Chocolate Moose - 2 Pack",
    "price": 44,
    "rate": 4,
    "country": "Freeport, ME"
  },
  {
    "id": "dutch-chocolate-basque-burnt-cheesecake-gluten-free",
    "img": "https://goldbelly.imgix.net/uploads/showcase_media_asset/image/131928/dutch-chocolate-basque-cheesecake.c814a4fd4ead01b27f323b3428f2b6e4.jpg?ixlib=react-9.0.2&auto=format&ar=1%3A1",
    "name": "Little Grace Bakery",
    "dsc": "Dutch Chocolate Basque Burnt Cheesecake (Gluten Free)",
    "price": 79,
    "rate": 5,
    "country": "New York, NY"
  },
  {
    "id": "chocolate-passion-layer-cake",
    "img": "https://goldbelly.imgix.net/uploads/showcase_media_asset/image/97605/chocolate-passion-layer-cake.0562eb95df61a64486764db7f3ab4ddf.jpg?ixlib=react-9.0.2&auto=format&ar=1%3A1",
    "name": "Blue Owl Bakery",
    "dsc": "Chocolate Passion Layer Cake",
    "price": 69,
    "rate": 5,
    "country": "Kimmswick, MO"
  }
]
