[
  {
    "id": "15259-german-chocolate-killer-brownie-tin-pack",
    "img": "https://goldbelly.imgix.net/uploads/showcase_media_asset/image/132029/german-chocolate-killer-brownie-tin-pack.5ebc34160f28767a9d94c4da2e04c4b9.jpg?ixlib=react-9.0.2&auto=format&ar=1%3A1",
    "name": "Killer Brownie®",
    "dsc": "German Chocolate Killer Brownie®",
    "price": 39.99,
    "rate": 4,
    "country": "Dayton, OH"
  },
  {
    "id": "world-famous-banana-pudding-party-sized",
    "img": "https://goldbelly.imgix.net/uploads/showcase_media_asset/image/84893/world-famous-banana-pudding-bowl-64-oz.85af650f8f51512f8f3181a11d6587d6.jpg?ixlib=react-9.0.2&auto=format&ar=1%3A1",
    "name": "Magnolia Bakery",
    "dsc": "World Famous Banana Pudding Bowl (64 oz.)",
    "price": 56,
    "rate": 4,
    "country": "New York, NY"
  },
  {
    "id": "jacques-world-famous-chocolate-chip-cookies",
    "img": "https://goldbelly.imgix.net/uploads/showcase_media_asset/image/81172/jacques-world-famous-chocolate-chip-cookies-6-pack.2217a14c443602493bba88aa9335319a.jpg?ixlib=react-9.0.2&auto=format&ar=1%3A1",
    "name": "Jacques Torres Chocolate",
    "dsc": "Jacques’ World Famous Chocolate Chip Cookies - 6 Pack",
    "price": 39.95,
    "rate": 4,
    "country": "New York, NY"
  },
  {
    "id": "luigis-original-cannoli-pie",
    "img": "https://goldbelly.imgix.net/uploads/showcase_media_asset/image/132206/original-cannoli-pie.4cb5b9ba82f57b69b90765fd9f07aa1a.jpg?ixlib=react-9.0.2&auto=format&ar=1%3A1",
    "name": "The Cannoli Pie Company",
    "dsc": "Original Cannoli Pie",
    "price": 69,
    "rate": 4,
    "country": "Bridgeport, CT"
  },
  {
    "id": "sea-salted-caramel-swirl-cheesecake",
    "img": "https://goldbelly.imgix.net/uploads/showcase_media_asset/image/134006/sea-salted-caramel-swirl-cheesecake.e2825335433fb7a272a5d77649a6849e.jpg?ixlib=react-9.0.2&auto=format&ar=1%3A1",
    "name": "Cotton Blues Cheesecake Company",
    "dsc": "Sea-Salted Caramel Swirl Cheesecake",
    "price": 65,
    "rate": 4,
    "country": "Hattiesburg, MS"
  },
  {
    "id": "brooklyn-blackout-cookie-brownie-combo-pack-2-tins",
    "img": "https://goldbelly.imgix.net/uploads/showcase_media_asset/image/123456/brooklyn-blackout-cookie-brownie-combo-pack-2-tins.d8805325baf6b23b4f01d119dc4531a7.jpg?ixlib=react-9.0.2&auto=format&ar=1%3A1",
    "name": "Brooklyn Blackout Company",
    "dsc": "Brooklyn Blackout Cookie + Brownie Combo Pack - 2 Tins",
    "price": 89,
    "rate": 5,
    "country": "Brooklyn, NY"
  },
  {
    "id": "smores-variety-pack",
    "img": "https://goldbelly.imgix.net/uploads/showcase_media_asset/image/78037/smores-variety-pack.86cf47d40c0c3508ce14d2659b3f99d4.jpg?ixlib=react-9.0.2&auto=format&ar=1%3A1",
    "name": "Gotta Have S'more",
    "dsc": "S'mores - Variety Pack",
    "price": 49,
    "rate": 5,
    "country": "Los Angeles, CA"
  },
  {
    "id": "best-seller-cupcake-dozen",
    "img": "https://goldbelly.imgix.net/uploads/showcase_media_asset/image/94478/best-seller-cupcake-dozen.f93b21993f6a2da11c975d45b9b0d08f.jpg?ixlib=react-9.0.2&auto=format&ar=1%3A1",
    "name": "Crave Cupcakes",
    "dsc": "Best Seller Cupcake Dozen",
    "price": 89,
    "rate": 4,
    "country": "Houston, TX"
  },
  {
    "id": "choose-your-own-ice-cream-donuts-6-pack",
    "img": "https://goldbelly.imgix.net/uploads/showcase_media_asset/image/132716/choose-your-own-ice-cream-donuts-6-pack.24d0b44765a7c54237fcd7ea9d9d8093.jpg?ixlib=react-9.0.2&auto=format&ar=1%3A1",
    "name": "Elegant Desserts",
    "dsc": "Choose Your Own Ice Cream Donuts - 6 Pack",
    "price": 69,
    "rate": 5,
    "country": "Brooklyn, NY"
  },
  {
    "id": "17481-jewish-dessert-3-pack",
    "img": "https://goldbelly.imgix.net/uploads/showcase_media_asset/image/72507/jewish-classics-dessert-pack.7d4b76630f2fe75dcb7bbcf2501b7390.png?ixlib=react-9.0.2&auto=format&ar=1%3A1",
    "name": "Ess-a-Bagel",
    "dsc": "Jewish Classics Dessert Pack",
    "price": 89.95,
    "rate": 5,
    "country": "New York, NY"
  },
  {
    "id": "dessert-bar-care-package",
    "img": "https://goldbelly.imgix.net/uploads/showcase_media_asset/image/131609/dessert-bar-care-package.324aa28fe98c9dc67b75aac43376902e.jpg?ixlib=react-9.0.2&auto=format&ar=1%3A1",
    "name": "Bread and Roses Bakery",
    "dsc": "Dessert Bar Care Package",
    "price": 65,
    "rate": 4,
    "country": "Wells, ME"
  },
  {
    "id": "donut-cookies-12-pack",
    "img": "https://goldbelly.imgix.net/uploads/showcase_media_asset/image/97746/donut-cookies-12-pack.46f42c61c4a79fd2051a99b2f23e890e.jpg?ixlib=react-9.0.2&auto=format&ar=1%3A1",
    "name": "Stan's Donuts",
    "dsc": "Donut Cookies - 12 Pack",
    "price": 49,
    "rate": 5,
    "country": "Chicago, IL"
  },
  {
    "id": "gulab-jamun-ice-cream-cakes-2-pack",
    "img": "https://goldbelly.imgix.net/uploads/showcase_media_asset/image/105133/gulab-jamun-ice-cream-cakes-2-pack.c45b4d0750ad22d741f84dc1f26d20e7.JPG?ixlib=react-9.0.2&auto=format&ar=1%3A1",
    "name": "Malai Ice Cream",
    "dsc": "Gulab Jamun Ice Cream Cakes - 2 Pack",
    "price": 79,
    "rate": 4,
    "country": "Brooklyn, NY"
  },
  {
    "id": "jacques-world-famous-chocolate-chip-cookies-12-pack",
    "img": "https://goldbelly.imgix.net/uploads/showcase_media_asset/image/83825/jacques-world-famous-chocolate-chip-cookies-12-pack.3b373bdd67cd25084182c21499f675d1.jpg?ixlib=react-9.0.2&auto=format&ar=1%3A1",
    "name": "Jacques Torres Chocolate",
    "dsc": "Jacques’ World Famous Chocolate Chip Cookies - 12 Pack",
    "price": 69.95,
    "rate": 5,
    "country": "New York, NY"
  },
  {
    "id": "assorted-rice-krispie-treats-12-pack",
    "img": "https://goldbelly.imgix.net/uploads/showcase_media_asset/image/95324/assorted-rice-krispie-treats-12-pack.801c4bad4750f54e7a27652df3a7b6ca.jpg?ixlib=react-9.0.2&auto=format&ar=1%3A1",
    "name": "Treat House",
    "dsc": "Assorted Rice Krispie Treats - 12 Pack",
    "price": 49,
    "rate": 4,
    "country": "New York, NY"
  },
  {
    "id": "choose-your-own-ice-cream-6-pints",
    "img": "https://goldbelly.imgix.net/uploads/showcase_media_asset/image/95947/ice-cream-choose-your-own-6-pints.ae6a75a1b5d518d9cbf2982ebc504f4c.jpg?ixlib=react-9.0.2&auto=format&ar=1%3A1",
    "name": "Graeter's Ice Cream",
    "dsc": "Ice Cream - Choose Your Own 6 Pints",
    "price": 79.95,
    "rate": 4,
    "country": "Cincinnati, OH"
  },
  {
    "id": "candy-cookie-cheesecake-sampler",
    "img": "https://goldbelly.imgix.net/uploads/showcase_media_asset/image/82267/candy-cookie-cheesecake-sampler.bb8e5e3fb399edaa00a529271565d16f.jpg?ixlib=react-9.0.2&auto=format&ar=1%3A1",
    "name": "Eli's Cheesecake Company",
    "dsc": "Candy Cookie Cheesecake Sampler",
    "price": 79,
    "rate": 5,
    "country": "Chicago, IL"
  },
  {
    "id": "chocolate-marshmallows",
    "img": "https://goldbelly.imgix.net/uploads/showcase_media_asset/image/108670/chocolate-marshmallows.a5bb2a6f0b25f6058e82e486bc34020b.jpg?ixlib=react-9.0.2&auto=format&ar=1%3A1",
    "name": "Colts Chocolate",
    "dsc": "Chocolate Marshmallows",
    "price": 25,
    "rate": 4,
    "country": "Nashville, TN"
  },
  {
    "id": "magnolia-banana-pudding-explore",
    "img": "https://goldbelly.imgix.net/uploads/showcase_media_asset/image/136779/Magnolia-NEW-BP-Pudding-Cup.jpg?ixlib=react-9.0.2&auto=format&ar=1%3A1",
    "name": "Magnolia Bakery",
    "dsc": "World Famous Banana Pudding",
    "price": 65,
    "rate": 5,
    "country": "New York, NY"
  },
  {
    "id": "brooklyn-blackout-parfait",
    "img": "https://goldbelly.imgix.net/uploads/showcase_media_asset/image/82266/brooklyn-blackout-parfait.756b6c8cf3066aaca322fb12595bb3a4.jpg?ixlib=react-9.0.2&auto=format&ar=1%3A1",
    "name": "Brooklyn Cupcake",
    "dsc": "Brooklyn Blackout Cupcake Jars",
    "price": 79,
    "rate": 4,
    "country": "Brooklyn, NY"
  },
  {
    "id": "24011-chocolate-and-cinnamon-babka-3-pack",
    "img": "https://goldbelly.imgix.net/uploads/showcase_media_asset/image/132984/breads-chocolate-and-cinnamon-babka-3-pack.b5c36a0ccbbec8dd7c23771cfa0603fb.jpg?ixlib=react-9.0.2&auto=format&ar=1%3A1",
    "name": "Breads Bakery",
    "dsc": "Breads Chocolate and Cinnamon Babka - 3 Pack",
    "price": 49.95,
    "rate": 4,
    "country": "New York, NY"
  },
  {
    "id": "dessert-bars-choose-your-own-9-pack",
    "img": "https://goldbelly.imgix.net/uploads/showcase_media_asset/image/109092/dessert-bars-choose-your-own-9-pack.38ec1ad968769f3ab76bcb0826a0b8b7.jpg?ixlib=react-9.0.2&auto=format&ar=1%3A1",
    "name": "The Gingered Peach",
    "dsc": "Dessert Bars - Choose Your Own 9 Pack",
    "price": 49,
    "rate": 5,
    "country": "Lawrence Twp, NJ"
  },
  {
    "id": "cinnamon-rolls-honey-bees-sampler-pack",
    "img": "https://goldbelly.imgix.net/uploads/showcase_media_asset/image/103958/sweet-roll-sampler-2-dozen.8b0fd9bfd3acc7aadc1a478d5b4f27ff.jpg?ixlib=react-9.0.2&auto=format&ar=1%3A1",
    "name": "Weikel's Bakery",
    "dsc": "Cinnamon Rolls and Honey Bees Sampler Pack",
    "price": 69,
    "rate": 5,
    "country": "La Grange, TX"
  },
  {
    "id": "original-ny-plain-cheesecake",
    "img": "https://goldbelly.imgix.net/uploads/showcase_media_asset/image/133583/plain-cheesecake.10ff643fb84a50e131e0a216dfb66f09.jpg?ixlib=react-9.0.2&auto=format&ar=1%3A1",
    "name": "Junior's Cheesecake",
    "dsc": "Junior's Original Cheesecake",
    "price": 64.95,
    "rate": 4,
    "country": "Brooklyn, NY"
  },
  {
    "id": "little-italy-dessert-pack",
    "img": "https://goldbelly.imgix.net/uploads/showcase_media_asset/image/101477/little-italy-dessert-pack.3540a0f8d95494fa394f494d19f8c9e4.jpg?ixlib=react-9.0.2&auto=format&ar=1%3A1",
    "name": "Ferrara Bakery",
    "dsc": "Little Italy Dessert Pack",
    "price": 69,
    "rate": 4,
    "country": "New York, NY"
  },
  {
    "id": "cookie-monster-ice-cream-sandwich-8-pack",
    "img": "https://goldbelly.imgix.net/uploads/showcase_media_asset/image/131739/cookie-monster-ice-cream-sandwich-8-pack.9ad71ce3dd6f39fcbddc35af60a3b866.jpg?ixlib=react-9.0.2&auto=format&ar=1%3A1",
    "name": "Nightingale Ice Cream Sandwiches",
    "dsc": "Cookie Monster Ice Cream Sandwich - 8 Pack",
    "price": 75,
    "rate": 5,
    "country": "Richmond, VA"
  },
  {
    "id": "cinnamon-roll-cheesecake",
    "img": "https://goldbelly.imgix.net/uploads/showcase_media_asset/image/134085/cinnamon-roll-cheesecake.57da7d19317f774571fe8f667f38d8c7.jpg?ixlib=react-9.0.2&auto=format&ar=1%3A1",
    "name": "Honey Cheesecakes",
    "dsc": "Cinnamon Roll Cheesecake",
    "price": 75,
    "rate": 4,
    "country": "Statesboro, GA"
  },
  {
    "id": "23595-choose-your-own-ice-cream-sandwich-8-pack",
    "img": "https://goldbelly.imgix.net/uploads/showcase_media_asset/image/89591/choose-your-own-ice-cream-sandwich-8-pack.aca778cca349220b2cf682a0577e1b7c.jpg?ixlib=react-9.0.2&auto=format&ar=1%3A1",
    "name": "Nye's Cream Sandwiches",
    "dsc": "Choose Your Own Ice Cream Sandwich - 8 Pack",
    "price": 79,
    "rate": 4,
    "country": "Wilmington, NC"
  },
  {
    "id": "banana-pudding-sampler-4-pack",
    "img": "https://goldbelly.imgix.net/uploads/showcase_media_asset/image/121725/banana-pudding-deluxe-4-pack.36e4c2a89b15ec4352a7b68b471a982b.jpg?ixlib=react-9.0.2&auto=format&ar=1%3A1",
    "name": "The Puddery",
    "dsc": "Banana Pudding Sampler - 4 Pack",
    "price": 69,
    "rate": 4,
    "country": "Long Beach, CA"
  },
  {
    "id": "double-chocolate-babka",
    "img": "https://goldbelly.imgix.net/uploads/showcase_media_asset/image/134184/double-chocolate-babka.e7bca1ea0d2327e31179841ef74a4611.jpg?ixlib=react-9.0.2&auto=format&ar=1%3A1",
    "name": "Oneg Bakery",
    "dsc": "Double Chocolate Babka",
    "price": 59,
    "rate": 4,
    "country": "Brooklyn, NY"
  },
  {
    "id": "24011-breads-bakery-chocolate-babka-3-pack",
    "img": "https://goldbelly.imgix.net/uploads/showcase_media_asset/image/90530/breads-bakery-chocolate-babka-3-pack.82ccccf0e109eaa03af3f8f0a4405ced.jpg?ixlib=react-9.0.2&auto=format&ar=1%3A1",
    "name": "Breads Bakery",
    "dsc": "Breads Bakery Chocolate Babka - 3 Pack",
    "price": 49.95,
    "rate": 4,
    "country": "New York, NY"
  },
  {
    "id": "cheesecake-macarons-24-pack",
    "img": "https://goldbelly.imgix.net/uploads/showcase_media_asset/image/91242/cheesecake-macarons-24-pack.98311118ad15fcff82a74763d1a8ed32.jpg?ixlib=react-9.0.2&auto=format&ar=1%3A1",
    "name": "Kreuther Handcrafted Chocolate",
    "dsc": "Cheesecake Macarons - 24 Pack",
    "price": 75,
    "rate": 4,
    "country": "New York, NY"
  },
  {
    "id": "brownie-explosion-cheesecake",
    "img": "https://goldbelly.imgix.net/uploads/showcase_media_asset/image/86905/plain-cheesecake.0ff81b367c16fb722c66d6d1deab0fcd.jpg?ixlib=react-9.0.2&auto=format&ar=1%3A1",
    "name": "Junior's Cheesecake",
    "dsc": "Brownie Explosion Cheesecake",
    "price": 74.95,
    "rate": 5,
    "country": "Brooklyn, NY"
  },
  {
    "id": "chocolate-mousse-supreme-cake",
    "img": "https://goldbelly.imgix.net/uploads/showcase_media_asset/image/133142/chocolate-mousse-supreme-cake.5fe7244dd7efb592e941587d8e336ad3.jpg?ixlib=react-9.0.2&auto=format&ar=1%3A1",
    "name": "Carousel Cakes",
    "dsc": "Chocolate Mousse Supreme Cake",
    "price": 49,
    "rate": 4,
    "country": "Nanuet, NY"
  },
  {
    "id": "smores-cookie-12-pack",
    "img": "https://goldbelly.imgix.net/uploads/showcase_media_asset/image/133252/smores-cookie-12-pack.2fefcfed46bc853bc16b28421b935e72.jpg?ixlib=react-9.0.2&auto=format&ar=1%3A1",
    "name": "Cookie Good",
    "dsc": "S'mores Cookie - 12 Pack",
    "price": 49,
    "rate": 4,
    "country": "Los Angeles, CA"
  },
  {
    "id": "choose-your-own-ice-cream-donuts-12-pack",
    "img": "https://goldbelly.imgix.net/uploads/showcase_media_asset/image/87214/choose-your-own-ice-cream-donuts-12-pack.f6794011fbc58adfac58b3e1d2f2abe5.jpg?ixlib=react-9.0.2&auto=format&ar=1%3A1",
    "name": "Elegant Desserts",
    "dsc": "Choose Your Own Ice Cream Donuts - 12 Pack",
    "price": 89,
    "rate": 5,
    "country": "Brooklyn, NY"
  },
  {
    "id": "chocolate-covered-cupcake-half-dozen",
    "img": "https://goldbelly.imgix.net/uploads/showcase_media_asset/image/98898/chocolate-covered-cupcake-half-dozen.90ecdfa8028d2e46ead8f3c210e1946e.jpg?ixlib=react-9.0.2&auto=format&ar=1%3A1",
    "name": "Brooklyn Cupcake",
    "dsc": "Chocolate Covered Cupcake - 6 Pack",
    "price": 65,
    "rate": 5,
    "country": "Brooklyn, NY"
  },
  {
    "id": "raspberry-chocolate-pie",
    "img": "https://goldbelly.imgix.net/uploads/showcase_media_asset/image/131947/raspberry-chocolate-pie.c40248c44adb974a159d7f100011c987.jpg?ixlib=react-9.0.2&auto=format&ar=1%3A1",
    "name": "Pietisserie",
    "dsc": "Raspberry Chocolate Pie",
    "price": 79,
    "rate": 4,
    "country": "Oakland, CA"
  },
  {
    "id": "23595-best-sellers-ice-cream-sandwich-8-pack",
    "img": "https://goldbelly.imgix.net/uploads/showcase_media_asset/image/132372/best-sellers-ice-cream-sandwiches-8-pack.d30351bef255e98e3ca8fa4118c997fa.jpg?ixlib=react-9.0.2&auto=format&ar=1%3A1",
    "name": "Nye's Cream Sandwiches",
    "dsc": "Best Sellers Ice Cream Sandwiches - 8 Pack",
    "price": 74,
    "rate": 4,
    "country": "Wilmington, NC"
  },
  {
    "id": "chocolate-chip-cookies",
    "img": "https://goldbelly.imgix.net/uploads/showcase_media_asset/image/78119/chocolate-chip-cookies.6897d911cf557257517e1ddcb648214b.jpg?ixlib=react-9.0.2&auto=format&ar=1%3A1",
    "name": "Appalachia Cookie Company",
    "dsc": "Chocolate Chip Cookies",
    "price": 59,
    "rate": 5,
    "country": "Boone, NC"
  },
  {
    "id": "17228-4-pint-pack",
    "img": "https://goldbelly.imgix.net/uploads/showcase_media_asset/image/71773/choose-your-own-boozy-ice-cream-4-pints.cecb4c1a4d29b16b44c2b88fa59b3e86.png?ixlib=react-9.0.2&auto=format&ar=1%3A1",
    "name": "Tipsy Scoop Boozy Ice Cream",
    "dsc": "Choose Your Own Boozy Ice Cream - 4 Pints",
    "price": 99,
    "rate": 5,
    "country": "New York, NY"
  },
  {
    "id": "cheesecake-macarons-12-pack",
    "img": "https://goldbelly.imgix.net/uploads/showcase_media_asset/image/107554/cheesecake-macarons-12-pack.e6d5a23285fc17c227aab7c574163077.jpg?ixlib=react-9.0.2&auto=format&ar=1%3A1",
    "name": "Kreuther Handcrafted Chocolate",
    "dsc": "Cheesecake Macarons - 12 Pack",
    "price": 55,
    "rate": 4,
    "country": "New York, NY"
  },
  {
    "id": "banana-pudding-choose-your-own-4-pack",
    "img": "https://goldbelly.imgix.net/uploads/showcase_media_asset/image/121746/pudding-choose-your-own-4-pack.5239bcb1356691a502359132f4574288.jpg?ixlib=react-9.0.2&auto=format&ar=1%3A1",
    "name": "The Puddery",
    "dsc": "Banana Pudding - Choose Your Own 4 Pack",
    "price": 74,
    "rate": 4,
    "country": "Long Beach, CA"
  }
]
