[
  {
    "id": "the-coop-complete-fried-chicken-dinner-for-4",
    "img": "https://goldbelly.imgix.net/uploads/showcase_media_asset/image/134235/complete-fried-chicken-dinner-for-4.aeabf841c124b9cc2fb0166f27790999.jpg?ixlib=react-9.0.2&auto=format&ar=1%3A1",
    "name": "Blue Ribbon",
    "dsc": "\"The Coop\" Complete Fried Chicken Dinner for 4",
    "price": 119,
    "rate": 5,
    "country": "New York, NY"
  },
  {
    "id": "hot-chicken-whole-bird",
    "img": "https://goldbelly.imgix.net/uploads/showcase_media_asset/image/110733/hot-chicken-whole-bird.bfd696b1cf611210ee813293c4c1bf28.jpg?ixlib=react-9.0.2&auto=format&ar=1%3A1",
    "name": "Hattie B's Hot Chicken",
    "dsc": "Hot Chicken - Whole Bird",
    "price": 89,
    "rate": 5,
    "country": "Nashville, TN"
  },
  {
    "id": "the-bird-fried-chicken-for-4",
    "img": "https://goldbelly.imgix.net/uploads/showcase_media_asset/image/132392/fried-chicken-for-4.0e6dfb35e3b83144791a5ddae71836e7.jpg?ixlib=react-9.0.2&auto=format&ar=1%3A1",
    "name": "Blue Ribbon",
    "dsc": "\"The Bird\" Fried Chicken for 4",
    "price": 99,
    "rate": 4,
    "country": "New York, NY"
  },
  {
    "id": "fried-chicken-biscuit-sandwich-kit",
    "img": "https://goldbelly.imgix.net/uploads/showcase_media_asset/image/85286/fried-chicken-biscuit-sandwich-kit.44b29820e6389324a2dd7ccb0b677a22.jpg?ixlib=react-9.0.2&auto=format&ar=1%3A1",
    "name": "Sunrise Biscuit Kitchen",
    "dsc": "Fried Chicken Biscuit Sandwich Kit",
    "price": 109,
    "rate": 4,
    "country": "Chapel Hill, NC"
  },
  {
    "id": "nashville-hot-chicken-family-meal-for-4",
    "img": "https://goldbelly.imgix.net/uploads/showcase_media_asset/image/103169/nashville-hot-chicken-family-meal-for-4.43a0ea9ae1b7663ff18d82f4930fa561.jpg?ixlib=react-9.0.2&auto=format&ar=1%3A1",
    "name": "Big Shake's Hot Chicken",
    "dsc": "Nashville Hot Chicken Family Meal for 4",
    "price": 99,
    "rate": 5,
    "country": "Franklin, TN"
  },
  {
    "id": "the-family-coop-complete-fried-chicken-dinner-for-8",
    "img": "https://goldbelly.imgix.net/uploads/showcase_media_asset/image/132341/complete-fried-chicken-dinner-for-8.512f5bff5f9f22995de1408764b7c0ff.jpg?ixlib=react-9.0.2&auto=format&ar=1%3A1",
    "name": "Blue Ribbon",
    "dsc": "\"The Family Coop\" Complete Fried Chicken Dinner for 8-10",
    "price": 189,
    "rate": 5,
    "country": "New York, NY"
  },
  {
    "id": "korean-fried-chicken-kit-for-4",
    "img": "https://goldbelly.imgix.net/uploads/showcase_media_asset/image/108361/korean-fried-chicken-kit-for-4.4c354ab17c40cd78402d4697b1e075e7.jpg?ixlib=react-9.0.2&auto=format&ar=1%3A1",
    "name": "Seoul Sausage",
    "dsc": "Korean Fried Chicken Kit for 4",
    "price": 89,
    "rate": 5,
    "country": "Los Angeles, CA"
  },
  {
    "id": "the-family-bird-fried-chicken-for-8",
    "img": "https://goldbelly.imgix.net/uploads/showcase_media_asset/image/132849/fried-chicken-for-8.7f488618ab57ac91a8e230eb70a35a19.jpg?ixlib=react-9.0.2&auto=format&ar=1%3A1",
    "name": "Blue Ribbon",
    "dsc": "\"The Family Bird\" Fried Chicken for 8",
    "price": 169,
    "rate": 5,
    "country": "New York, NY"
  },
  {
    "id": "nashville-hot-chicken-family-meal-for-8",
    "img": "https://goldbelly.imgix.net/uploads/showcase_media_asset/image/103192/nashville-hot-chicken-family-meal-for-8.9b522371aa18fb4be255db66e39e3e1e.jpg?ixlib=react-9.0.2&auto=format&ar=1%3A1",
    "name": "Big Shake's Hot Chicken",
    "dsc": "Nashville Hot Chicken Family Meal for 8",
    "price": 129,
    "rate": 5,
    "country": "Franklin, TN"
  },
  {
    "id": "hot-honey-chicken-and-cornbread-waffles-for-2",
    "img": "https://goldbelly.imgix.net/uploads/showcase_media_asset/image/131336/marcus-hot-honey-chicken-and-cornbread-waffles-kit-for-4.618df9b9613b506f65c8342ab2e28b32.jpg?ixlib=react-9.0.2&auto=format&ar=1%3A1",
    "name": "Marcus Samuelsson's Streetbird",
    "dsc": "Marcus’ Hot Honey Chicken & Cornbread Waffles Kit for 4",
    "price": 99,
    "rate": 4,
    "country": "Harlem, NY"
  },
  {
    "id": "fried-chicken-dinner-kit-for-2-4",
    "img": "https://goldbelly.imgix.net/uploads/showcase_media_asset/image/118643/fried-chicken-dinner-kit-for-2-4.2f685dc798e641bed96151b31e4b9910.jpg?ixlib=react-9.0.2&auto=format&ar=1%3A1",
    "name": "Yardbird",
    "dsc": "Fried Chicken Dinner Kit for 2-4",
    "price": 89,
    "rate": 4,
    "country": "Miami Beach, FL"
  },
  {
    "id": "fried-chicken-sandwich-combo-kit-for-6",
    "img": "https://goldbelly.imgix.net/uploads/showcase_media_asset/image/115433/fried-chicken-sandwich-combo-kit-for-6.649e00580828a749ee120ec205cf9bb8.jpg?ixlib=react-9.0.2&auto=format&ar=1%3A1",
    "name": "Shaq's Big Chicken",
    "dsc": "Fried Chicken Sandwich Combo Kit for 6",
    "price": 79,
    "rate": 4,
    "country": "Las Vegas, NV"
  },
  {
    "id": "picnic-chicken-sandwich-kit-for-4",
    "img": "https://goldbelly.imgix.net/uploads/showcase_media_asset/image/119467/picnic-chicken-sandwich-kit-for-4.f77dbec2fbf26fd8e2482a640e51a6af.jpg?ixlib=react-9.0.2&auto=format&ar=1%3A1",
    "name": "Motel Fried Chicken",
    "dsc": "Picnic Chicken Sandwich Kit for 4",
    "price": 79,
    "rate": 5,
    "country": "Philadelphia, PA"
  },
  {
    "id": "jumbo-hot-chicken-wings-12-pack",
    "img": "https://goldbelly.imgix.net/uploads/showcase_media_asset/image/133195/jumbo-hot-chicken-wings-12-pack.a386d81ef4c0d23fb23eb39493248004.jpg?ixlib=react-9.0.2&auto=format&ar=1%3A1",
    "name": "Hattie B's Hot Chicken",
    "dsc": "Jumbo Hot Chicken Wings - 12 Pack",
    "price": 109,
    "rate": 4,
    "country": "Nashville, TN"
  },
  {
    "id": "japanese-fried-chicken-dinner-kit-for-2",
    "img": "https://goldbelly.imgix.net/uploads/showcase_media_asset/image/116269/en-fried-chicken-dinner-kit-for-2.5655f91f8092ca3f732d396623e06476.jpg?ixlib=react-9.0.2&auto=format&ar=1%3A1",
    "name": "En Japanese Brasserie",
    "dsc": "Japanese Fried Chicken Dinner Kit for 2",
    "price": 69,
    "rate": 5,
    "country": "New York, NY"
  },
  {
    "id": "world-famous-hot-chicken-and-waffles-for-6",
    "img": "https://goldbelly.imgix.net/uploads/showcase_media_asset/image/119032/world-famous-hot-chicken-and-waffles-for-6.9274da723865fe9f76ef20e6039dfa68.jpg?ixlib=react-9.0.2&auto=format&ar=1%3A1",
    "name": "Big Shake's Hot Chicken",
    "dsc": "World Famous Hot Chicken & Waffles for 6",
    "price": 99,
    "rate": 4,
    "country": "Franklin, TN"
  },
  {
    "id": "chicken-tenders-25-pack",
    "img": "https://goldbelly.imgix.net/uploads/showcase_media_asset/image/115439/chicken-tenders-25-pack.97435f460ba110b72cd0848240ab7180.jpg?ixlib=react-9.0.2&auto=format&ar=1%3A1",
    "name": "Shaq's Big Chicken",
    "dsc": "Chicken Tenders - 25 Pack",
    "price": 79,
    "rate": 4,
    "country": "Las Vegas, NV"
  },
  {
    "id": "pappys-ribs-and-chicken-dinner-for-8",
    "img": "https://goldbelly.imgix.net/uploads/showcase_media_asset/image/106948/pappys-ribs-and-chicken-dinner-for-8.904cebbd327940da15399e0608dffa55.jpg?ixlib=react-9.0.2&auto=format&ar=1%3A1",
    "name": "Pappy's Smokehouse",
    "dsc": "Pappy's Ribs & Chicken - Dinner for 8",
    "price": 129,
    "rate": 4,
    "country": "St. Louis, MO"
  },
  {
    "id": "game-day-jumbo-fried-chicken-wings-24-pack",
    "img": "https://goldbelly.imgix.net/uploads/showcase_media_asset/image/117190/game-day-jumbo-fried-chicken-wings-24-pack.2fc78e31cee5717c75fba7481e013798.jpg?ixlib=react-9.0.2&auto=format&ar=1%3A1",
    "name": "Blue Ribbon",
    "dsc": "\"Game Day\" Jumbo Fried Chicken Wings - 24 Pack",
    "price": 119,
    "rate": 4,
    "country": "New York, NY"
  },
  {
    "id": "hot-chicken-2-whole-birds",
    "img": "https://goldbelly.imgix.net/uploads/showcase_media_asset/image/133896/hot-chicken-2-whole-birds.4894d5973260e21e1e8d7cfd3a24a0c0.jpg?ixlib=react-9.0.2&auto=format&ar=1%3A1",
    "name": "Hattie B's Hot Chicken",
    "dsc": "Hot Chicken - 2 Whole Birds",
    "price": 139,
    "rate": 4,
    "country": "Nashville, TN"
  },
  {
    "id": "fried-chicken-10-pieces",
    "img": "https://goldbelly.imgix.net/uploads/showcase_media_asset/image/107261/fried-chicken-10-pieces.31a36850d1e10c93437a6619072e1264.jpg?ixlib=react-9.0.2&auto=format&ar=1%3A1",
    "name": "Wayfare Tavern",
    "dsc": "Wayfare Tavern Fried Chicken - 10 Pieces",
    "price": 89,
    "rate": 4,
    "country": "San Francisco, CA"
  },
  {
    "id": "carla-halls-nashville-hot-fried-chicken-dinner-for-4-6",
    "img": "https://goldbelly.imgix.net/uploads/showcase_media_asset/image/116359/carla-hall-s-hot-fried-chicken-dinner-for-4-6.d10131654587d8e4c81319cd8b2408e2.jpg?ixlib=react-9.0.2&auto=format&ar=1%3A1",
    "name": "Chef Carla Hall",
    "dsc": "Carla Hall’s Nashville Hot Fried Chicken Dinner for 4-6",
    "price": 189,
    "rate": 5,
    "country": "Washington, DC"
  },
  {
    "id": "fried-chicken-and-wings-for-6",
    "img": "https://goldbelly.imgix.net/uploads/showcase_media_asset/image/113738/fried-chicken-and-wings-for-6.b0daa38a283c32fbbb56263919d80475.jpg?ixlib=react-9.0.2&auto=format&ar=1%3A1",
    "name": "Blue Ribbon",
    "dsc": "Fried Chicken & Jumbo Wings for 6",
    "price": 159,
    "rate": 5,
    "country": "New York, NY"
  },
  {
    "id": "18635-signature-chicken-pie",
    "img": "https://goldbelly.imgix.net/uploads/showcase_media_asset/image/75440/oprahs-favorite-signature-chicken-pie.13051bc388a198084460367c102db36f.jpg?ixlib=react-9.0.2&auto=format&ar=1%3A1",
    "name": "Centerville Pie Co.",
    "dsc": "\"Oprah's Favorite\" Signature Chicken Pie",
    "price": 69,
    "rate": 5,
    "country": "Centerville, MA"
  },
  {
    "id": "korean-bbq-sausage-fried-chicken-kit-for-8",
    "img": "https://goldbelly.imgix.net/uploads/showcase_media_asset/image/108394/korean-bbq-sausage-fried-chicken-kit-for-8.8d3be80287dda24f8153f28e9efab6a4.jpg?ixlib=react-9.0.2&auto=format&ar=1%3A1",
    "name": "Seoul Sausage",
    "dsc": "Korean BBQ Sausage + Fried Chicken Kit for 8",
    "price": 119,
    "rate": 4,
    "country": "Los Angeles, CA"
  },
  {
    "id": "korean-fried-chicken-10-pack",
    "img": "https://goldbelly.imgix.net/uploads/showcase_media_asset/image/123844/korean-fried-chicken-10-pack.e0b9eb5e82d9ff1718d31d88f78b5e6c.jpg?ixlib=react-9.0.2&auto=format&ar=1%3A1",
    "name": "Parachute",
    "dsc": "Korean Fried Chicken - 10 Pack",
    "price": 79,
    "rate": 4,
    "country": "Chicago, IL"
  },
  {
    "id": "chicken-pot-pie-4-pack",
    "img": "https://goldbelly.imgix.net/uploads/showcase_media_asset/image/102828/chicken-pot-pie-4-pack.00e5d95a6fbca63c074cc23a27049020.jpeg?ixlib=react-9.0.2&auto=format&ar=1%3A1",
    "name": "Little Pie Company",
    "dsc": "Chicken Pot Pie - 4 Pack",
    "price": 69,
    "rate": 4,
    "country": "New York, NY"
  },
  {
    "id": "picnic-chicken-sandwich-with-memphis-mustard-slaw-kit-for-8",
    "img": "https://goldbelly.imgix.net/uploads/showcase_media_asset/image/119533/picnic-chicken-sandwich-with-memphis-mustard-slaw-kit-for-8.6b388604d0650e0335b703b7cd7bb3cd.jpg?ixlib=react-9.0.2&auto=format&ar=1%3A1",
    "name": "Motel Fried Chicken",
    "dsc": "Picnic Chicken Sandwich with Memphis Mustard Slaw Kit for 8",
    "price": 139,
    "rate": 5,
    "country": "Philadelphia, PA"
  },
  {
    "id": "the-big-game-combo-fried-chicken-drums-and-jumbo-wings-for-12",
    "img": "https://goldbelly.imgix.net/uploads/showcase_media_asset/image/132683/the-big-game-combo-fried-chicken-drums-and-jumbo-wings-for-12.3139f00d0c50b0fa18739175561f0841.jpg?ixlib=react-9.0.2&auto=format&ar=1%3A1",
    "name": "Blue Ribbon",
    "dsc": "\"The Big Game Combo\" Fried Chicken Drums & Jumbo Wings for 12",
    "price": 199,
    "rate": 5,
    "country": "New York, NY"
  },
  {
    "id": "nashville-hot-jumbo-chicken-tenders-family-meal-for-8",
    "img": "https://goldbelly.imgix.net/uploads/showcase_media_asset/image/133718/nashville-hot-jumbo-chicken-tenders-family-meal-for-8.4dfbb330cc846e6157ca5556bba659f9.jpg?ixlib=react-9.0.2&auto=format&ar=1%3A1",
    "name": "Big Shake's Hot Chicken",
    "dsc": "Nashville Hot JUMBO Chicken Tenders Family Meal for 8",
    "price": 139,
    "rate": 5,
    "country": "Franklin, TN"
  },
  {
    "id": "235203-blue-smoke-baby-back-ribs-backyard-barbecue-chicken-combo",
    "img": "https://goldbelly.imgix.net/uploads/showcase_media_asset/image/113814/blue-smoke-baby-back-ribs-backyard-barbecue-chicken-combo.a95a3e632ae324f719738a2a5c1dff6e.png?ixlib=react-9.0.2&auto=format&ar=1%3A1",
    "name": "Blue Smoke",
    "dsc": "Blue Smoke Baby Back Ribs + Backyard Barbecue Chicken Combo",
    "price": 129,
    "rate": 4,
    "country": "New York, NY"
  },
  {
    "id": "wing-it-up-fried-chicken-wings-25-pack",
    "img": "https://goldbelly.imgix.net/uploads/showcase_media_asset/image/133927/fried-chicken-wings-25-pack.957f793865cffef6b18db109a88b7bcb.jpg?ixlib=react-9.0.2&auto=format&ar=1%3A1",
    "name": "Blue Ribbon",
    "dsc": "\"Wing It Up!\" Jumbo Fried Chicken Wings - 24 Pack",
    "price": 119,
    "rate": 5,
    "country": "New York, NY"
  },
  {
    "id": "crispy-crunchy-breaded-nashville-hot-wings-50-pack",
    "img": "https://goldbelly.imgix.net/uploads/showcase_media_asset/image/133486/crispy-crunchy-breaded-nashville-hot-wings-50-pack.afefab29fd329bb7e37fd7cc4a2cedb0.jpg?ixlib=react-9.0.2&auto=format&ar=1%3A1",
    "name": "Big Shake's Hot Chicken",
    "dsc": "Crispy Crunchy Breaded Nashville Hot Wings - 50 Pack",
    "price": 109,
    "rate": 5,
    "country": "Franklin, TN"
  },
  {
    "id": "chicken-pot-pie-bites",
    "img": "https://goldbelly.imgix.net/uploads/showcase_media_asset/image/112636/chicken-pot-pie-bites.bede4e52d18fef8fcc6ec934dc952c37.jpg?ixlib=react-9.0.2&auto=format&ar=1%3A1",
    "name": "Goldberg's Fine Foods",
    "dsc": "Chicken Pot Pie Bites",
    "price": 49,
    "rate": 5,
    "country": "Atlanta, GA"
  },
  {
    "id": "japanese-fried-chicken-dinner-kit-for-4",
    "img": "https://goldbelly.imgix.net/uploads/showcase_media_asset/image/116252/en-fried-chicken-dinner-kit-for-4.1f6589c80f57036522563c34c80aff79.jpg?ixlib=react-9.0.2&auto=format&ar=1%3A1",
    "name": "En Japanese Brasserie",
    "dsc": "Japanese Fried Chicken Dinner Kit for 4",
    "price": 99,
    "rate": 4,
    "country": "New York, NY"
  },
  {
    "id": "chicken-biscuits-for-6",
    "img": "https://goldbelly.imgix.net/uploads/showcase_media_asset/image/107702/chicken-biscuits-6-pack.70a198d39dbcaa2fbacb7e314a9d6e8f.jpg?ixlib=react-9.0.2&auto=format&ar=1%3A1",
    "name": "Se7enbites",
    "dsc": "Chicken + Biscuits for 6",
    "price": 99,
    "rate": 4,
    "country": "Orlando, FL"
  },
  {
    "id": "smoked-chicken-halves",
    "img": "https://goldbelly.imgix.net/uploads/showcase_media_asset/image/119767/smoked-chicken-halves.e4dacbe78f6b66103339d8bfbd9b83ec.jpg?ixlib=react-9.0.2&auto=format&ar=1%3A1",
    "name": "Southside Market & Barbeque",
    "dsc": "Smoked Chicken Halves",
    "price": 69,
    "rate": 5,
    "country": "Elgin, TX"
  },
  {
    "id": "hot-chicken-whole-bird-12-jumbo-wings",
    "img": "https://goldbelly.imgix.net/uploads/showcase_media_asset/image/132361/hot-chicken-whole-bird-12-jumbo-wings.edcc8a798c57d1b6a799bb94caad87c7.jpg?ixlib=react-9.0.2&auto=format&ar=1%3A1",
    "name": "Hattie B's Hot Chicken",
    "dsc": "Hot Chicken - Whole Bird + 12 Jumbo Wings",
    "price": 159,
    "rate": 4,
    "country": "Nashville, TN"
  },
  {
    "id": "fried-chicken-dinner-kit-for-4",
    "img": "https://goldbelly.imgix.net/uploads/showcase_media_asset/image/134846/fried-chicken-dinner-kit-for-4.65f90c7fe1636eb652133050a6fc4e7c.jpg?ixlib=react-9.0.2&auto=format&ar=1%3A1",
    "name": "Wayfare Tavern",
    "dsc": "Fried Chicken Dinner Kit for 4",
    "price": 179,
    "rate": 4,
    "country": "San Francisco, CA"
  },
  {
    "id": "oven-roasted-chicken-wings-50-piece",
    "img": "https://goldbelly.imgix.net/uploads/showcase_media_asset/image/134874/plain-oven-roasted-buffalo-wings-50-piece.ff7df6a40b1e46ae630caee3e5d4bef5.jpg?ixlib=react-9.0.2&auto=format&ar=1%3A1",
    "name": "La Nova",
    "dsc": "Oven Roasted Chicken Wings - 50 Piece",
    "price": 109,
    "rate": 4,
    "country": "Buffalo, NY"
  },
  {
    "id": "hot-party-wings-24-pack",
    "img": "https://goldbelly.imgix.net/uploads/showcase_media_asset/image/127462/whole-party-wings-24-pack.b364415bd3fb0b78090d200242f60f04.jpg?ixlib=react-9.0.2&auto=format&ar=1%3A1",
    "name": "Hattie B's Hot Chicken",
    "dsc": "Hot Party Wings - 24 Pack",
    "price": 115,
    "rate": 4,
    "country": "Nashville, TN"
  },
  {
    "id": "chicken-wings-choose-your-own-50-pack",
    "img": "https://goldbelly.imgix.net/uploads/showcase_media_asset/image/110867/chicken-wings-choose-your-own-50-pack.cd226df19f0bb4af94ab5f69dc781083.jpg?ixlib=react-9.0.2&auto=format&ar=1%3A1",
    "name": "Magic City Kitchen",
    "dsc": "Chicken Wings - Choose Your Own 50 Pack",
    "price": 109,
    "rate": 4,
    "country": "Atlanta, GA"
  },
  {
    "id": "balsamic-chicken-rice-dinner-kit-for-2-3",
    "img": "https://goldbelly.imgix.net/uploads/showcase_media_asset/image/125026/balsamic-chicken-rice-dinner-kit-for-2-3.3aab895e18a1169ba481f6e6e54453a8.jpg?ixlib=react-9.0.2&auto=format&ar=1%3A1",
    "name": "Mother Kelly's",
    "dsc": "Balsamic Chicken + Rice Dinner Kit for 2-3",
    "price": 49,
    "rate": 5,
    "country": "Long Island, NY"
  },
  {
    "id": "chicken-jiaozi-dumplings-20-pack",
    "img": "https://goldbelly.imgix.net/uploads/showcase_media_asset/image/97105/chicken-jiaozi-dumplings-20-pack.15df330a0f96492d492d6f3ed6518aa8.jpg?ixlib=react-9.0.2&auto=format&ar=1%3A1",
    "name": "Shirley Chung's Ms. Chi",
    "dsc": "Chicken Jiaozi Dumplings - 20 Pack",
    "price": 69,
    "rate": 5,
    "country": "Los Angeles, CA"
  },
  {
    "id": "picnic-chicken-sandwich-kit-for-8",
    "img": "https://goldbelly.imgix.net/uploads/showcase_media_asset/image/119504/picnic-chicken-sandwich-kit-for-8.515b50a03c09b047c7a565f2f301dd1b.jpg?ixlib=react-9.0.2&auto=format&ar=1%3A1",
    "name": "Motel Fried Chicken",
    "dsc": "Picnic Chicken Sandwich Kit for 8",
    "price": 129,
    "rate": 4,
    "country": "Philadelphia, PA"
  },
  {
    "id": "korean-fried-chicken-20-pack",
    "img": "https://goldbelly.imgix.net/uploads/showcase_media_asset/image/123866/korean-fried-chicken-20-pack.3d78b065e21594f4ff152ebd439fa147.jpg?ixlib=react-9.0.2&auto=format&ar=1%3A1",
    "name": "Parachute",
    "dsc": "Korean Fried Chicken - 20 Pack",
    "price": 129,
    "rate": 5,
    "country": "Chicago, IL"
  },
  {
    "id": "game-day-jumbo-fried-chicken-wings-48-pack",
    "img": "https://goldbelly.imgix.net/uploads/showcase_media_asset/image/117209/game-day-jumbo-fried-chicken-wings-48-pack.78a57d34edbff19ffe831262b69ae4f9.jpg?ixlib=react-9.0.2&auto=format&ar=1%3A1",
    "name": "Blue Ribbon",
    "dsc": "\"Game Day\" Jumbo Fried Chicken Wings - 48 Pack",
    "price": 189,
    "rate": 4,
    "country": "New York, NY"
  },
  {
    "id": "002-five-pound-chicken-sausage-sampler",
    "img": "https://goldbelly.imgix.net/uploads/showcase_media_asset/image/134485/chicken-sausage-sampler-for-10.b4ac88fcbabc55e4ee9ff096060cb5af.jpg?ixlib=react-9.0.2&auto=format&ar=1%3A1",
    "name": "Esposito Sausage",
    "dsc": "Chicken Sausage Sampler for 10",
    "price": 69,
    "rate": 4,
    "country": "New York, NY"
  },
  {
    "id": "hot-mess-sandwich-kit-for-6",
    "img": "https://goldbelly.imgix.net/uploads/showcase_media_asset/image/119051/hot-mess-sandwich-kit-for-6.72e9e8e82babf83cca91f4d744d5da98.jpg?ixlib=react-9.0.2&auto=format&ar=1%3A1",
    "name": "Big Shake's Hot Chicken",
    "dsc": "Hot Mess Sandwich® Kit for 6",
    "price": 129,
    "rate": 4,
    "country": "Franklin, TN"
  },
  {
    "id": "backyard-barbecue-chicken",
    "img": "https://goldbelly.imgix.net/uploads/showcase_media_asset/image/105379/backyard-barbecue-chicken.321a1babf487d24419a8c3947a94a20b.jpg?ixlib=react-9.0.2&auto=format&ar=1%3A1",
    "name": "Blue Smoke",
    "dsc": "Backyard Barbecue Chicken",
    "price": 79,
    "rate": 4,
    "country": "New York, NY"
  },
  {
    "id": "17542-cajun-mild-deep-fried-turkey",
    "img": "https://goldbelly.imgix.net/uploads/showcase_media_asset/image/72664/cajun-mild-deep-fried-turkey.6fc839ea4311c28f322e437829097e54.jpg?ixlib=react-9.0.2&auto=format&ar=1%3A1",
    "name": "Uncle Ray's Fried Turkeys",
    "dsc": "Cajun Mild Deep Fried Turkey",
    "price": 99,
    "rate": 4,
    "country": "Dallas, TX"
  },
  {
    "id": "fried-chicken-dinner-kit-for-6-8",
    "img": "https://goldbelly.imgix.net/uploads/showcase_media_asset/image/134754/fried-chicken-dinner-kit-for-6-8.c92859bc67d820b347f01877ff2e88c5.jpg?ixlib=react-9.0.2&auto=format&ar=1%3A1",
    "name": "Yardbird",
    "dsc": "Fried Chicken Dinner Kit for 6-8",
    "price": 149,
    "rate": 5,
    "country": "Miami Beach, FL"
  },
  {
    "id": "picnic-chicken-sandwich-with-memphis-mustard-slaw-kit-for-4",
    "img": "https://goldbelly.imgix.net/uploads/showcase_media_asset/image/132380/picnic-chicken-sandwich-with-memphis-mustard-slaw-kit-for-4.c9f4e235ad2a2151df272744ccfba476.jpg?ixlib=react-9.0.2&auto=format&ar=1%3A1",
    "name": "Motel Fried Chicken",
    "dsc": "Picnic Chicken Sandwich with Memphis Mustard Slaw Kit for 4",
    "price": 89,
    "rate": 5,
    "country": "Philadelphia, PA"
  },
  {
    "id": "19388-buffalo-chicken-and-blue-cheese-fried-pies",
    "img": "https://goldbelly.imgix.net/uploads/showcase_media_asset/image/77052/buffalo-chicken-and-blue-cheese-fried-pies.35544d16f7256a0ba50b56843d33c4b6.jpg?ixlib=react-9.0.2&auto=format&ar=1%3A1",
    "name": "Dale's Fried Pies",
    "dsc": "Buffalo Chicken and Blue Cheese Fried Pies - 12 Pack",
    "price": 89,
    "rate": 5,
    "country": "Knoxville, TN"
  },
  {
    "id": "the-drum-kit-fried-chicken-drumsticks-48-pack",
    "img": "https://goldbelly.imgix.net/uploads/showcase_media_asset/image/131813/the-drum-kit-fried-chicken-drumsticks-48-pack.b1b16b5c386aa68ef96133efd52060bc.jpg?ixlib=react-9.0.2&auto=format&ar=1%3A1",
    "name": "Blue Ribbon",
    "dsc": "\"The Drum Kit\" Fried Chicken Drumsticks - 48 Pack",
    "price": 199,
    "rate": 4,
    "country": "New York, NY"
  },
  {
    "id": "chicken-wings-choose-your-own-100-pack",
    "img": "https://goldbelly.imgix.net/uploads/showcase_media_asset/image/110907/chicken-wings-choose-your-own-100-pack.fbeb35b46643e99da6ffcf9e14e04b2c.jpg?ixlib=react-9.0.2&auto=format&ar=1%3A1",
    "name": "Magic City Kitchen",
    "dsc": "Chicken Wings - Choose Your Own 100 Pack",
    "price": 159,
    "rate": 5,
    "country": "Atlanta, GA"
  },
  {
    "id": "mac-and-cheese-chicken-pot-pie-combo-for-4",
    "img": "https://goldbelly.imgix.net/uploads/showcase_media_asset/image/112776/mac-and-cheese-chicken-pot-pie-combo-for-4.c77be8dcb4fabfa1870a2ff4a6bd4c6a.jpg?ixlib=react-9.0.2&auto=format&ar=1%3A1",
    "name": "Wolfgang Puck Catering",
    "dsc": "Mac and Cheese + Chicken Pot Pie Combo for 4",
    "price": 129,
    "rate": 5,
    "country": "Los Angeles, CA"
  },
  {
    "id": "marcus-hot-fried-chicken-wings-for-2",
    "img": "https://goldbelly.imgix.net/uploads/showcase_media_asset/image/129322/marcus-fried-chicken-wings.95e4f4d5cb4d3e069f4addcb3e33b111.jpg?ixlib=react-9.0.2&auto=format&ar=1%3A1",
    "name": "Marcus Samuelsson's Streetbird",
    "dsc": "Marcus’ Fried Chicken Wings for 2",
    "price": 99,
    "rate": 4,
    "country": "Harlem, NY"
  }
]
