[
  {
    "id": "choose-your-own-ice-cream-6-pints",
    "img": "https://goldbelly.imgix.net/uploads/showcase_media_asset/image/95947/ice-cream-choose-your-own-6-pints.ae6a75a1b5d518d9cbf2982ebc504f4c.jpg?ixlib=react-9.0.2&auto=format&ar=1%3A1",
    "name": "Graeter's Ice Cream",
    "dsc": "Ice Cream - Choose Your Own 6 Pints",
    "price": 79.95,
    "rate": 5,
    "country": "Cincinnati, OH"
  },
  {
    "id": "23952-nancys-italian-gelato-gift-box",
    "img": "https://goldbelly.imgix.net/uploads/showcase_media_asset/image/90388/nancys-italian-gelato-gift-box.d44dba927ca67daf7765e0c3a59f3587.jpg?ixlib=react-9.0.2&auto=format&ar=1%3A1",
    "name": "Nancy Silverton's Nancy's Fancy",
    "dsc": "Nancy Silverton's Favorite Gelato Gift Box",
    "price": 89,
    "rate": 4,
    "country": "Los Angeles, CA"
  },
  {
    "id": "237283342-choose-your-own-frozen-custard-6-pack",
    "img": "https://goldbelly.imgix.net/uploads/showcase_media_asset/image/133888/choose-your-own-frozen-custard-6-pack.f13e3415fd09547371a184d04166ff77.jpg?ixlib=react-9.0.2&auto=format&ar=1%3A1",
    "name": "Anderson's Frozen Custard",
    "dsc": "Frozen Custard + Handmade Ice Cream - Choose Your Own - 6 Pack",
    "price": 109,
    "rate": 4,
    "country": "Buffalo, NY"
  },
  {
    "id": "ice-cream-choose-your-own-5-pints",
    "img": "https://goldbelly.imgix.net/uploads/showcase_media_asset/image/103364/ice-cream-choose-your-own-5-pints.05ed6c9fab612b8e5f0367e87428ebf7.jpg?ixlib=react-9.0.2&auto=format&ar=1%3A1",
    "name": "The Baked Bear",
    "dsc": "Ice Cream - Choose Your Own 5 Pints",
    "price": 99,
    "rate": 4,
    "country": "San Diego, CA"
  },
  {
    "id": "17228-4-pint-pack",
    "img": "https://goldbelly.imgix.net/uploads/showcase_media_asset/image/71773/choose-your-own-boozy-ice-cream-4-pints.cecb4c1a4d29b16b44c2b88fa59b3e86.png?ixlib=react-9.0.2&auto=format&ar=1%3A1",
    "name": "Tipsy Scoop Boozy Ice Cream",
    "dsc": "Choose Your Own Boozy Ice Cream - 4 Pints",
    "price": 99,
    "rate": 5,
    "country": "New York, NY"
  },
  {
    "id": "ice-cream-choose-your-own-6-pints",
    "img": "https://goldbelly.imgix.net/uploads/showcase_media_asset/image/110356/ice-cream-choose-your-own-6-pints.7e3199bc794ac9d43c69d8a632430dc8.jpg?ixlib=react-9.0.2&auto=format&ar=1%3A1",
    "name": "Museum of Ice Cream",
    "dsc": "Ice Cream - Choose Your Own 6 Pints",
    "price": 99,
    "rate": 5,
    "country": "New York, NY"
  },
  {
    "id": "23595-choose-your-own-ice-cream-sandwich-8-pack",
    "img": "https://goldbelly.imgix.net/uploads/showcase_media_asset/image/89591/choose-your-own-ice-cream-sandwich-8-pack.aca778cca349220b2cf682a0577e1b7c.jpg?ixlib=react-9.0.2&auto=format&ar=1%3A1",
    "name": "Nye's Cream Sandwiches",
    "dsc": "Choose Your Own Ice Cream Sandwich - 8 Pack",
    "price": 79,
    "rate": 4,
    "country": "Wilmington, NC"
  },
  {
    "id": "ice-cream-choose-your-own-4-pints",
    "img": "https://goldbelly.imgix.net/uploads/showcase_media_asset/image/107316/ice-cream-choose-your-own-4-pints.22c48c4004a36083da64a69635076e6e.jpg?ixlib=react-9.0.2&auto=format&ar=1%3A1",
    "name": "Sugar Hill Creamery",
    "dsc": "Ice Cream - Choose Your Own 4 Pints",
    "price": 79,
    "rate": 5,
    "country": "Harlem, NY"
  },
  {
    "id": "choose-your-own-6-pints",
    "img": "https://goldbelly.imgix.net/uploads/showcase_media_asset/image/78414/ice-cream-choose-your-own-6-pints.ec19c8772f1fc363e86ef01890a56124.JPG?ixlib=react-9.0.2&auto=format&ar=1%3A1",
    "name": "Malai Ice Cream",
    "dsc": "Ice Cream - Choose Your Own 6 Pints",
    "price": 109,
    "rate": 5,
    "country": "Brooklyn, NY"
  },
  {
    "id": "choose-your-own-ice-cream-12-pints",
    "img": "https://goldbelly.imgix.net/uploads/showcase_media_asset/image/96047/ice-cream-choose-your-own-12-pints.e57770eaab1a0b7837095eda979e9a2b.jpg?ixlib=react-9.0.2&auto=format&ar=1%3A1",
    "name": "Graeter's Ice Cream",
    "dsc": "Ice Cream - Choose Your Own 12 Pints",
    "price": 119.95,
    "rate": 4,
    "country": "Cincinnati, OH"
  },
  {
    "id": "best-sellers-ice-cream-collection-6-pints",
    "img": "https://goldbelly.imgix.net/uploads/showcase_media_asset/image/95838/taste-of-kentucky-ice-cream-collection-6-pints.dc03a97b15828e9a01e81efc0b309d4d.jpg?ixlib=react-9.0.2&auto=format&ar=1%3A1",
    "name": "Crank & Boom Craft Ice Cream",
    "dsc": "Best Sellers Ice Cream Collection - 6 Pints",
    "price": 99,
    "rate": 4,
    "country": "Lexington, KY"
  },
  {
    "id": "choose-your-own-ice-cream-donuts-6-pack",
    "img": "https://goldbelly.imgix.net/uploads/showcase_media_asset/image/132716/choose-your-own-ice-cream-donuts-6-pack.24d0b44765a7c54237fcd7ea9d9d8093.jpg?ixlib=react-9.0.2&auto=format&ar=1%3A1",
    "name": "Elegant Desserts",
    "dsc": "Choose Your Own Ice Cream Donuts - 6 Pack",
    "price": 69,
    "rate": 5,
    "country": "Brooklyn, NY"
  },
  {
    "id": "choose-your-own-ice-cream-5-pints",
    "img": "https://goldbelly.imgix.net/uploads/showcase_media_asset/image/133840/choose-your-own-ice-cream-5-pints.6507a1156121c05779e1363a268b8f80.jpg?ixlib=react-9.0.2&auto=format&ar=1%3A1",
    "name": "Ice Cream Jubilee",
    "dsc": "Choose Your Own Ice Cream - 5 Pints",
    "price": 89,
    "rate": 4,
    "country": "Washington, DC"
  },
  {
    "id": "pannas-choice-ice-cream-6-pack",
    "img": "https://goldbelly.imgix.net/uploads/showcase_media_asset/image/127541/pannas-choice-ice-cream-6-pack.e49718042829aae8705f72dac2c97b5f.jpg?ixlib=react-9.0.2&auto=format&ar=1%3A1",
    "name": "Caffè Panna Ice Cream",
    "dsc": "Panna's Choice Ice Cream 6-Pack",
    "price": 109,
    "rate": 5,
    "country": "New York, NY"
  },
  {
    "id": "gelato-and-sorbetto-minis-12-pack",
    "img": "https://goldbelly.imgix.net/uploads/showcase_media_asset/image/102254/gelato-and-sorbetto-minis-12-pack.9cefc719fccb400e58167847ebd66a80.jpg?ixlib=react-9.0.2&auto=format&ar=1%3A1",
    "name": "Nancy Silverton's Nancy's Fancy",
    "dsc": "Gelato & Sorbetto Minis - 12 pack",
    "price": 94,
    "rate": 5,
    "country": "Los Angeles, CA"
  },
  {
    "id": "mochi-ice-cream-choose-your-own-12-pack",
    "img": "https://goldbelly.imgix.net/uploads/showcase_media_asset/image/122636/mochi-ice-cream-choose-your-own-12-pack.f6eb9b1a2020a9ff88c8bb069a910b22.jpg?ixlib=react-9.0.2&auto=format&ar=1%3A1",
    "name": "Mochii",
    "dsc": "Mochi Ice Cream - Choose Your Own 12 Pack",
    "price": 75,
    "rate": 5,
    "country": "New York, NY"
  },
  {
    "id": "giant-ice-cream-sandwich-kit-choose-your-own-6-pack",
    "img": "https://goldbelly.imgix.net/uploads/showcase_media_asset/image/132386/build-your-own-ice-cream-sandwich-kit-6-pack.c81bd69ed1a452decb5bc599358dc644.jpg?ixlib=react-9.0.2&auto=format&ar=1%3A1",
    "name": "The Baked Bear",
    "dsc": "Build Your Own Ice Cream Sandwich Kit - 6 Pack",
    "price": 84,
    "rate": 5,
    "country": "San Diego, CA"
  },
  {
    "id": "mini-ice-cream-sandwiches-choose-your-own-16-pack",
    "img": "https://goldbelly.imgix.net/uploads/showcase_media_asset/image/134845/mini-ice-cream-sandwiches-choose-your-own-16-pack.4f75836908c8ce41789c4af346bfa9d2.jpg?ixlib=react-9.0.2&auto=format&ar=1%3A1",
    "name": "Cream + Sugar",
    "dsc": "Mini Ice Cream Sandwiches - Choose Your Own 16 Pack",
    "price": 89,
    "rate": 4,
    "country": "Jackson, WY"
  },
  {
    "id": "layered-ice-cream-sundae-jar-choose-your-own-6-pack",
    "img": "https://goldbelly.imgix.net/uploads/showcase_media_asset/image/129301/layered-ice-cream-sundae-jar-choose-your-own-6-pack.a018cc2bb407befc6d7b618441849c28.jpg?ixlib=react-9.0.2&auto=format&ar=1%3A1",
    "name": "The Yard Milkshake Bar",
    "dsc": "Layered Ice Cream Sundae Jar - Choose Your Own 6 Pack",
    "price": 125,
    "rate": 5,
    "country": "Gulf Shores, AL"
  },
  {
    "id": "cookie-monster-ice-cream-sandwich-8-pack",
    "img": "https://goldbelly.imgix.net/uploads/showcase_media_asset/image/131739/cookie-monster-ice-cream-sandwich-8-pack.9ad71ce3dd6f39fcbddc35af60a3b866.jpg?ixlib=react-9.0.2&auto=format&ar=1%3A1",
    "name": "Nightingale Ice Cream Sandwiches",
    "dsc": "Cookie Monster Ice Cream Sandwich - 8 Pack",
    "price": 75,
    "rate": 4,
    "country": "Richmond, VA"
  },
  {
    "id": "best-seller-ice-cream-pack-6-pints",
    "img": "https://goldbelly.imgix.net/uploads/showcase_media_asset/image/113988/best-seller-ice-cream-pack-6-pints.0d2fe2cd8b15418dbfff9b07e5387dbd.jpg?ixlib=react-9.0.2&auto=format&ar=1%3A1",
    "name": "Bridgeman's Ice Cream",
    "dsc": "Best Seller Ice Cream Pack - 6 Pints",
    "price": 99,
    "rate": 5,
    "country": "Woodbury, MN"
  },
  {
    "id": "choose-your-own-ice-cream-creamwich-combo-for-10",
    "img": "https://goldbelly.imgix.net/uploads/showcase_media_asset/image/132414/6-creamwich-4-pint-ice-cream-combo.6196f68326686c2decd8847bf730fe0e.jpg?ixlib=react-9.0.2&auto=format&ar=1%3A1",
    "name": "Cream'wich",
    "dsc": "4 Pint Ice Cream + 6 Cream'wich Combo",
    "price": 109,
    "rate": 4,
    "country": "Manhattan Beach, CA"
  },
  {
    "id": "giant-ice-cream-sandwich-kit-choose-your-own-9-pack",
    "img": "https://goldbelly.imgix.net/uploads/showcase_media_asset/image/103337/build-your-own-ice-cream-sandwich-kit-9-pack.e972c9c8819bfc245d671eaf98107247.jpg?ixlib=react-9.0.2&auto=format&ar=1%3A1",
    "name": "The Baked Bear",
    "dsc": "Build Your Own Ice Cream Sandwich Kit - 9 Pack",
    "price": 99,
    "rate": 5,
    "country": "San Diego, CA"
  },
  {
    "id": "artisan-ice-cream-choose-your-own-6-pints",
    "img": "https://goldbelly.imgix.net/uploads/showcase_media_asset/image/131929/artisan-ice-cream-choose-your-own-6-pints.fc029dfaf6c0b6143ed09f3dc6f72745.jpg?ixlib=react-9.0.2&auto=format&ar=1%3A1",
    "name": "Cream + Sugar",
    "dsc": "Artisan Ice Cream - Choose Your Own 6 Pints",
    "price": 99,
    "rate": 4,
    "country": "Jackson, WY"
  },
  {
    "id": "bonastyle-ice-cream-choose-your-own-6-pints",
    "img": "https://goldbelly.imgix.net/uploads/showcase_media_asset/image/134416/bonastyle-ice-cream-choose-your-own-6-pints.a10293b457234788157c88905a57612a.jpg?ixlib=react-9.0.2&auto=format&ar=1%3A1",
    "name": "Bona Bona Ice Cream",
    "dsc": "Meringue Topped Ice Cream - Choose Your Own 6 Pints",
    "price": 99,
    "rate": 5,
    "country": "Port Chester, NY"
  },
  {
    "id": "flavors-of-kentucky-ice-cream-collection-6-pints",
    "img": "https://goldbelly.imgix.net/uploads/showcase_media_asset/image/95847/taste-of-kentucky-ice-cream-collection-6-pints.8e530e9a1dd44524fb25ab59976024da.jpg?ixlib=react-9.0.2&auto=format&ar=1%3A1",
    "name": "Crank & Boom Craft Ice Cream",
    "dsc": "Flavors of Kentucky Ice Cream Collection - 6 Pints",
    "price": 99,
    "rate": 4,
    "country": "Lexington, KY"
  },
  {
    "id": "signature-chip-ice-cream-6-pints",
    "img": "https://goldbelly.imgix.net/uploads/showcase_media_asset/image/133218/signature-chip-ice-cream-6-pints.32228ca3b762a1f5970a14fea82139ec.jpg?ixlib=react-9.0.2&auto=format&ar=1%3A1",
    "name": "Graeter's Ice Cream",
    "dsc": "Signature Chip Ice Cream - 6 Pints",
    "price": 79.95,
    "rate": 5,
    "country": "Cincinnati, OH"
  }
]
