[
  {
    "id": "roast-pork-sandwich-kit-for-4",
    "img": "https://goldbelly.imgix.net/uploads/showcase_media_asset/image/134603/roast-pork-sandwich-kit-for-4.28babe63f6db57759b8e03d7a19a78eb.jpg?ixlib=react-9.0.2&auto=format&ar=1%3A1",
    "name": "Tommy DiNic's",
    "dsc": "Roast Pork Sandwich Kit for 4",
    "price": 99,
    "rate": 5,
    "country": "Philadelphia, PA"
  },
  {
    "id": "smoked-whole-bbq-pork-shoulder-serves-10-15",
    "img": "https://goldbelly.imgix.net/uploads/showcase_media_asset/image/90419/smoked-whole-bbq-pork-shoulder-serves-10-15.cc662e8f02f2910f67d482bbdd555954.jpg?ixlib=react-9.0.2&auto=format&ar=1%3A1",
    "name": "Bludso's BBQ",
    "dsc": "Smoked Whole BBQ Pork Shoulder - Serves 10-15",
    "price": 129,
    "rate": 5,
    "country": "Los Angeles, CA"
  },
  {
    "id": "double-bone-in-heritage-berkshire-pork-chops-4-pack",
    "img": "https://goldbelly.imgix.net/uploads/showcase_media_asset/image/114535/double-bone-in-heritage-berkshire-pork-chops-4-pack.5b6a88ca2c85ece8fd5a6dd6abd4f046.jpg?ixlib=react-9.0.2&auto=format&ar=1%3A1",
    "name": "Gastros Craft Meats",
    "dsc": "Double Bone-in Heritage Berkshire Pork Chops - 4 Pack",
    "price": 129,
    "rate": 5,
    "country": "Woonsocket, RI"
  },
  {
    "id": "pork-steaks",
    "img": "https://goldbelly.imgix.net/uploads/product_image/image/41969/pork-steaks.aaa962e22c9099952fdf15cb0382bd65.jpg?ixlib=react-9.0.2&auto=format&ar=1%3A1",
    "name": "Southside Market & Barbeque",
    "dsc": "Pork Steaks",
    "price": 69,
    "rate": 5,
    "country": "Elgin, TX"
  },
  {
    "id": "3021-slaughterhouse-five-brisket-pork-sausage-turkey",
    "img": "https://goldbelly.imgix.net/uploads/showcase_media_asset/image/133207/slaughterhouse-five-brisket-pork-sausage-turkey.28b91d5b2fdf226445bb9e1496f4b126.jpg?ixlib=react-9.0.2&auto=format&ar=1%3A1",
    "name": "Joe's KC BBQ",
    "dsc": "Slaughterhouse Five - Brisket + Pork + Sausage + Turkey",
    "price": 128.99,
    "rate": 4,
    "country": "Kansas City, KS"
  },
  {
    "id": "pork-buns-12-pack",
    "img": "https://goldbelly.imgix.net/uploads/showcase_media_asset/image/110984/pork-buns-12-pack.67a379b014b23c7fd944ab48b9e720f6.jpg?ixlib=react-9.0.2&auto=format&ar=1%3A1",
    "name": "Momofuku",
    "dsc": "Pork Buns - 12 Pack",
    "price": 119,
    "rate": 4,
    "country": "New York, NY"
  },
  {
    "id": "16561-snake-river-farms-kurobuta-pork-belly",
    "img": "https://goldbelly.imgix.net/uploads/showcase_media_asset/image/70375/kurobuta-pork-belly.8a4717de51d5a8d55817afcff1719634.jpg?ixlib=react-9.0.2&auto=format&ar=1%3A1",
    "name": "Snake River Farms",
    "dsc": "Kurobuta Pork Belly",
    "price": 139,
    "rate": 4,
    "country": "Boise, ID"
  },
  {
    "id": "porchetta-siu-yuk-plus-chimichurri-sauce-for-5-6",
    "img": "https://goldbelly.imgix.net/uploads/showcase_media_asset/image/117510/porchetta-siu-yuk-kit-for-5-6.e643963cc5b51dbfb43b50b8e6917a76.jpg?ixlib=react-9.0.2&auto=format&ar=1%3A1",
    "name": "Rice Box",
    "dsc": "Porchetta \"Siu Yuk\" + Chimichurri Sauce - 2 lbs.",
    "price": 129,
    "rate": 5,
    "country": "Los Angeles, CA"
  },
  {
    "id": "pulled-pork-and-chopped-beef-brisket-combo",
    "img": "https://goldbelly.imgix.net/uploads/showcase_media_asset/image/115332/pulled-pork-and-chopped-beef-brisket-combo.402da09e367972eadca0f8f5150bf2d1.jpg?ixlib=react-9.0.2&auto=format&ar=1%3A1",
    "name": "Blue Smoke",
    "dsc": "Pulled Pork & Chopped Beef Brisket Combo",
    "price": 119,
    "rate": 5,
    "country": "New York, NY"
  },
  {
    "id": "23238-pork-tenderloin-sandwich-4-pack",
    "img": "https://goldbelly.imgix.net/uploads/showcase_media_asset/image/132633/pork-tenderloin-sandwich-4-pack.b6914a19ee345d5284ed1eaf00f5c2ac.jpg?ixlib=react-9.0.2&auto=format&ar=1%3A1",
    "name": "Nick's Kitchen",
    "dsc": "Pork Tenderloin Sandwich - 4 Pack",
    "price": 79,
    "rate": 5,
    "country": "Huntington, IN"
  },
  {
    "id": "roast-pork-sandwich-kit-for-8",
    "img": "https://goldbelly.imgix.net/uploads/showcase_media_asset/image/115001/roast-pork-sandwich-kit-for-8.cfeb20e4e4b89f9d72680d5e34fc9cc7.jpg?ixlib=react-9.0.2&auto=format&ar=1%3A1",
    "name": "Tommy DiNic's",
    "dsc": "Roast Pork Sandwich Kit for 8",
    "price": 159,
    "rate": 5,
    "country": "Philadelphia, PA"
  },
  {
    "id": "pulled-pork-4-lbs",
    "img": "https://goldbelly.imgix.net/uploads/showcase_media_asset/image/131348/pulled-pork-4-lbs.689b1d5fd5204a722aca175419148a3a.jpg?ixlib=react-9.0.2&auto=format&ar=1%3A1",
    "name": "Peg Leg Porker",
    "dsc": "Pulled Pork - 4 lbs.",
    "price": 129,
    "rate": 4,
    "country": "Nashville, TN"
  },
  {
    "id": "bo-ssam-dinner-for-4-6",
    "img": "https://goldbelly.imgix.net/uploads/showcase_media_asset/image/110906/bo-ssam-dinner-for-4.c4a32e8801e2f0283e0565bbe8493149.jpg?ixlib=react-9.0.2&auto=format&ar=1%3A1",
    "name": "Momofuku",
    "dsc": "Half Bo Ssäm Dinner for 4-6",
    "price": 169,
    "rate": 5,
    "country": "New York, NY"
  },
  {
    "id": "memphis-pulled-pork-shoulder-4-lbs",
    "img": "https://goldbelly.imgix.net/uploads/showcase_media_asset/image/86731/memphis-pulled-pork-shoulder-4-lbs.089448f3aebd24fe82f223151314d853.jpg?ixlib=react-9.0.2&auto=format&ar=1%3A1",
    "name": "Charlie Vergos' Rendezvous",
    "dsc": "Memphis Pulled Pork Shoulder - 4 lbs.",
    "price": 109,
    "rate": 4,
    "country": "Memphis, TN"
  },
  {
    "id": "17347-pulled-pork-3-pound-pack",
    "img": "https://goldbelly.imgix.net/uploads/showcase_media_asset/image/137383/Central-BBQ-Pulled-Pork-Packs-1.jpg?ixlib=react-9.0.2&auto=format&ar=1%3A1",
    "name": "Central BBQ",
    "dsc": "Pulled Pork Pack - Serves 6-8",
    "price": 89,
    "rate": 5,
    "country": "Memphis, TN"
  },
  {
    "id": "18650-carolina-pulled-pork-sandwich-pack",
    "img": "https://goldbelly.imgix.net/uploads/showcase_media_asset/image/75464/carolina-pulled-pork-sandwich-pack.8e672a876d720c8471b08ffa47fbbbc1.jpg?ixlib=react-9.0.2&auto=format&ar=1%3A1",
    "name": "Kings BBQ",
    "dsc": "Carolina Pulled Pork Sandwich Pack",
    "price": 89,
    "rate": 4,
    "country": "Kinston, NC"
  },
  {
    "id": "stone-porter-beer-pork-chops-4-pack",
    "img": "https://goldbelly.imgix.net/uploads/showcase_media_asset/image/85711/stone-porter-beer-pork-chops-4-pack.95392dbb0fe0b41bd6d128fa81d63814.jpg?ixlib=react-9.0.2&auto=format&ar=1%3A1",
    "name": "Seaside Market",
    "dsc": "Stone Porter Beer Pork Chops - 4 Pack",
    "price": 119,
    "rate": 5,
    "country": "Cardiff by the Sea, CA"
  },
  {
    "id": "pork-ribs",
    "img": "https://goldbelly.imgix.net/uploads/showcase_media_asset/image/133284/pork-ribs.6b9717d10630be7c5bea4b69987a33c6.jpg?ixlib=react-9.0.2&auto=format&ar=1%3A1",
    "name": "Southside Market & Barbeque",
    "dsc": "Pork Ribs",
    "price": 79,
    "rate": 5,
    "country": "Elgin, TX"
  },
  {
    "id": "joes-kc-ribs-and-pulled-pork",
    "img": "https://goldbelly.imgix.net/uploads/showcase_media_asset/image/81831/joes-kc-ribs-and-pulled-pork.80d62bf64dc6a772572d7f589c8f95af.jpg?ixlib=react-9.0.2&auto=format&ar=1%3A1",
    "name": "Joe's KC BBQ",
    "dsc": "Joe's KC Ribs & Pulled Pork",
    "price": 94.99,
    "rate": 5,
    "country": "Kansas City, KS"
  },
  {
    "id": "1824200000002-pulled-pork-pirogies",
    "img": "https://goldbelly.imgix.net/uploads/showcase_media_asset/image/132154/pulled-pork-pierogis.860293a62d3ef57afd60b6f78cdb7c64.jpg?ixlib=react-9.0.2&auto=format&ar=1%3A1",
    "name": "Baba & Pops",
    "dsc": "Pulled Pork Pierogis",
    "price": 79,
    "rate": 5,
    "country": "Denver, CO"
  },
  {
    "id": "whole-smoked-pork-shoulder",
    "img": "https://goldbelly.imgix.net/uploads/showcase_media_asset/image/133153/whole-smoked-pork-shoulder.4523225ac2025f330c450bdec541bb7d.jpg?ixlib=react-9.0.2&auto=format&ar=1%3A1",
    "name": "Blue Smoke",
    "dsc": "Whole Smoked Pork Shoulder",
    "price": 129,
    "rate": 5,
    "country": "New York, NY"
  },
  {
    "id": "whole-pork-belly-5-lbs",
    "img": "https://goldbelly.imgix.net/uploads/showcase_media_asset/image/131896/whole-pork-belly-5-lbs.68e0553bf92c74601ff7b6c922af2c5a.jpg?ixlib=react-9.0.2&auto=format&ar=1%3A1",
    "name": "Roegels Barbecue",
    "dsc": "Whole Pork Belly - 5 lbs.",
    "price": 149,
    "rate": 4,
    "country": "Houston, TX"
  },
  {
    "id": "17352-ribs-and-pulled-pork-small-combo-pack",
    "img": "https://goldbelly.imgix.net/uploads/showcase_media_asset/image/137366/Central-BBQ-Ribs-Pulled-Pork-Dinner-1.jpg?ixlib=react-9.0.2&auto=format&ar=1%3A1",
    "name": "Central BBQ",
    "dsc": "Ribs & Pulled Pork Dinner for 4",
    "price": 79,
    "rate": 4,
    "country": "Memphis, TN"
  },
  {
    "id": "spicy-pork-wontons-25-pack",
    "img": "https://goldbelly.imgix.net/uploads/showcase_media_asset/image/134605/spicy-pork-wontons-25-pack.638f79adb694c9b0a61bd18542a72285.jpg?ixlib=react-9.0.2&auto=format&ar=1%3A1",
    "name": "Dumpling Monster",
    "dsc": "Spicy Pork Wontons - 25 Pack",
    "price": 59,
    "rate": 4,
    "country": "West Hollywood, CA"
  },
  {
    "id": "mofongo-with-roasted-pork-kit-for-4",
    "img": "https://goldbelly.imgix.net/uploads/showcase_media_asset/image/132696/mofongo-roasted-pork-kit-for-4.f82d15d0e375b9f14e7771cc14c74262.jpg?ixlib=react-9.0.2&auto=format&ar=1%3A1",
    "name": "Triple Threat Truck",
    "dsc": "“MofonGO” with Roasted Pork Kit for 4",
    "price": 89,
    "rate": 4,
    "country": "Los Angeles, CA"
  },
  {
    "id": "guys-bbq-pulled-pork-trash-can-nachos",
    "img": "https://goldbelly.imgix.net/uploads/showcase_media_asset/image/115312/guys-bbq-pulled-pork-trash-can-nachos.5783c0f7459bfc0adbbcf063edced3fb.jpg?ixlib=react-9.0.2&auto=format&ar=1%3A1",
    "name": "Guy Fieri",
    "dsc": "Guy's BBQ Pulled Pork Trash Can Nachos",
    "price": 79,
    "rate": 4,
    "country": "Flavortown, USA"
  },
  {
    "id": "18041-ribs-and-pulled-pork-dinner-for-8",
    "img": "https://goldbelly.imgix.net/uploads/showcase_media_asset/image/73762/pappys-ribs-and-pulled-pork-dinner-for-8.b1ebab4ba20903bea0fc8ad73df29ddb.jpg?ixlib=react-9.0.2&auto=format&ar=1%3A1",
    "name": "Pappy's Smokehouse",
    "dsc": "Pappy's Ribs & Pulled Pork - Dinner for 8",
    "price": 129,
    "rate": 5,
    "country": "St. Louis, MO"
  },
  {
    "id": "18041432432-pulled-pork-pack-serves-12-15",
    "img": "https://goldbelly.imgix.net/uploads/showcase_media_asset/image/73798/pappys-pulled-pork-pack-serves-12-15.1960957d09163524732958e85c5441f7.jpg?ixlib=react-9.0.2&auto=format&ar=1%3A1",
    "name": "Pappy's Smokehouse",
    "dsc": "Pappy's Pulled Pork Pack - Serves 12-15",
    "price": 139,
    "rate": 4,
    "country": "St. Louis, MO"
  },
  {
    "id": "stone-porter-beer-pork-chops-6-pack",
    "img": "https://goldbelly.imgix.net/uploads/showcase_media_asset/image/85748/stone-porter-beer-pork-chops-6-pack.dbfc6a8cd00795a869c9f9900a20401f.jpg?ixlib=react-9.0.2&auto=format&ar=1%3A1",
    "name": "Seaside Market",
    "dsc": "Stone Porter Beer Pork Chops - 6 Pack",
    "price": 149,
    "rate": 4,
    "country": "Cardiff by the Sea, CA"
  },
  {
    "id": "17352-ribs-and-pulled-pork-medium-combo-pack",
    "img": "https://goldbelly.imgix.net/uploads/showcase_media_asset/image/137368/Central-BBQ-Ribs-Pulled-Pork-Party-Pack-1_.jpg?ixlib=react-9.0.2&auto=format&ar=1%3A1",
    "name": "Central BBQ",
    "dsc": "Ribs & Pulled Pork Dinner for 8",
    "price": 109,
    "rate": 5,
    "country": "Memphis, TN"
  },
  {
    "id": "bbq-pulled-pork-feast-5-lbs",
    "img": "https://goldbelly.imgix.net/uploads/showcase_media_asset/image/131539/bbq-pulled-pork-feast-5-lbs.46e3b2429e7886ea112efe7d8f8705dc.jpg?ixlib=react-9.0.2&auto=format&ar=1%3A1",
    "name": "The Shed BBQ & Blues Joint",
    "dsc": "BBQ Pulled Pork Feast - 5 lbs",
    "price": 129,
    "rate": 5,
    "country": "Ocean Springs, MS"
  },
  {
    "id": "roast-pork-sandwich-kit-4-pack",
    "img": "https://goldbelly.imgix.net/uploads/showcase_media_asset/image/101368/roast-pork-sandwich-kit-4-pack.c05d6009a6c4e227c851e326cd2cee49.jpg?ixlib=react-9.0.2&auto=format&ar=1%3A1",
    "name": "John's Roast Pork",
    "dsc": "Roast Pork Sandwich Kit - 4 Pack",
    "price": 109,
    "rate": 5,
    "country": "Philadelphia, PA"
  },
  {
    "id": "hog-heaven",
    "img": "https://goldbelly.imgix.net/uploads/showcase_media_asset/image/79576/hog-heaven-pulled-pork-sausage-links.5012c36f6f049c131b04345c5326e4d3.jpg?ixlib=react-9.0.2&auto=format&ar=1%3A1",
    "name": "Joe's KC BBQ",
    "dsc": "Hog Heaven - Pulled Pork + Sausage Links",
    "price": 69.99,
    "rate": 5,
    "country": "Kansas City, KS"
  },
  {
    "id": "cheesy-char-siu-bbq-pork-bao-12-pack",
    "img": "https://goldbelly.imgix.net/uploads/showcase_media_asset/image/117504/cheesy-char-siu-bbq-pork-bao-12-pack.df8c62bb06b4178747a7c2a6ab0ad47d.jpg?ixlib=react-9.0.2&auto=format&ar=1%3A1",
    "name": "Rice Box",
    "dsc": "Cheesy \"Char Siu\" BBQ Pork Bao - 12 Pack",
    "price": 79,
    "rate": 4,
    "country": "Los Angeles, CA"
  },
  {
    "id": "texas-pork-chops-4-pack",
    "img": "https://goldbelly.imgix.net/uploads/showcase_media_asset/image/102047/texas-pork-chops-4-pack.7dd85d8cdfe3fc773a0b2c5cadf377ce.jpg?ixlib=react-9.0.2&auto=format&ar=1%3A1",
    "name": "Schoepf's BBQ",
    "dsc": "Texas Sized Pork Chops - 4 Pack",
    "price": 139,
    "rate": 4,
    "country": "Belton, TX"
  },
  {
    "id": "kansas-city-pulled-pork",
    "img": "https://goldbelly.imgix.net/uploads/showcase_media_asset/image/132300/kansas-city-pulled-pork.67dd666df04e0f095136d712f6a96f10.jpg?ixlib=react-9.0.2&auto=format&ar=1%3A1",
    "name": "Meat Mitch",
    "dsc": "Kansas City Pulled Pork",
    "price": 79,
    "rate": 4,
    "country": "Kansas City, KS"
  },
  {
    "id": "habbersett-scrapple-4-pack",
    "img": "https://goldbelly.imgix.net/uploads/showcase_media_asset/image/134171/habbersett-scrapple-4-pack.28dbdb2ce009efff658734c7321c82f5.jpg?ixlib=react-9.0.2&auto=format&ar=1%3A1",
    "name": "Habbersett Scrapple",
    "dsc": "Habbersett Scrapple - 4 Pack",
    "price": 69,
    "rate": 4,
    "country": "Bridgeville, DE"
  },
  {
    "id": "23238-pork-tenderloin-sandwich-8-pack",
    "img": "https://goldbelly.imgix.net/uploads/showcase_media_asset/image/134486/pork-tenderloin-sandwich-8-pack.aa66fab9ba71b1697d0a74e6f1f40be2.jpg?ixlib=react-9.0.2&auto=format&ar=1%3A1",
    "name": "Nick's Kitchen",
    "dsc": "Pork Tenderloin Sandwich - 8 Pack",
    "price": 109,
    "rate": 5,
    "country": "Huntington, IN"
  },
  {
    "id": "roast-pork-sandwich-4-pack",
    "img": "https://goldbelly.imgix.net/uploads/showcase_media_asset/image/134280/roast-pork-sandwich-4-pack.7541242ed3c3c4d5d00ad8a99becea4c.jpg?ixlib=react-9.0.2&auto=format&ar=1%3A1",
    "name": "Fedoroff's Roast Pork",
    "dsc": "Roast Pork Sandwich - 4 Pack",
    "price": 109,
    "rate": 5,
    "country": "Brooklyn, NY"
  },
  {
    "id": "asado-de-puerco-stewed-pork-shoulder-for-4",
    "img": "https://goldbelly.imgix.net/uploads/showcase_media_asset/image/112572/asado-de-puerco-stewed-pork-shoulder-for-4.1b9176347000861a2a1715937ffa2337.jpg?ixlib=react-9.0.2&auto=format&ar=1%3A1",
    "name": "Picos Mexican Restaurant",
    "dsc": "\"Asado de Puerco\" - Stewed Pork Shoulder for 4",
    "price": 119,
    "rate": 4,
    "country": "Houston, TX"
  },
  {
    "id": "004-pork-boudin",
    "img": "https://goldbelly.imgix.net/uploads/showcase_media_asset/image/66643/pork-boudin.d0ea122c5c9046a08ee9d8d1bc5c0b09.jpg?ixlib=react-9.0.2&auto=format&ar=1%3A1",
    "name": "Comeaux's",
    "dsc": "Pork Boudin",
    "price": 49,
    "rate": 4,
    "country": "Lafayette, LA"
  },
  {
    "id": "bbq-chopped-pork",
    "img": "https://goldbelly.imgix.net/uploads/showcase_media_asset/image/85746/bbq-chopped-pork.3747d8035f680d0e20b0cf8604454ed9.jpg?ixlib=react-9.0.2&auto=format&ar=1%3A1",
    "name": "White Swan BBQ",
    "dsc": "BBQ Chopped Pork",
    "price": 79,
    "rate": 4,
    "country": "Smithfield, NC"
  },
  {
    "id": "pork-ribeye-shabu-shabu-kit-for-4",
    "img": "https://goldbelly.imgix.net/uploads/showcase_media_asset/image/136692/Shabu-Tatsu-Shabu-Shabu-11.jpg?ixlib=react-9.0.2&auto=format&ar=1%3A1",
    "name": "Shabu Tatsu",
    "dsc": "Pork + Ribeye Shabu Shabu Kit for 4",
    "price": 165,
    "rate": 4,
    "country": "New York, NY"
  },
  {
    "id": "smoked-pork-loin",
    "img": "https://goldbelly.imgix.net/uploads/showcase_media_asset/image/96700/smoked-pork-loin.3c1f29311ebe60c29ac03289b5e6b2f4.jpg?ixlib=react-9.0.2&auto=format&ar=1%3A1",
    "name": "Old 300 BBQ",
    "dsc": "Smoked Pork Loin",
    "price": 109,
    "rate": 5,
    "country": "Blanco, TX"
  },
  {
    "id": "bbq-pulled-pork-pack-for-8",
    "img": "https://goldbelly.imgix.net/uploads/showcase_media_asset/image/131234/bbq-pulled-pork-pack-for-8.bd81f82597f64ecbd5f99bd056a0a6a4.jpg?ixlib=react-9.0.2&auto=format&ar=1%3A1",
    "name": "Melissa Cookston's Memphis BBQ",
    "dsc": "BBQ Pulled Pork Pack for 8",
    "price": 99,
    "rate": 5,
    "country": "Horn Lake, MS"
  },
  {
    "id": "homemade-pork-buns-18-pack",
    "img": "https://goldbelly.imgix.net/uploads/showcase_media_asset/image/131675/homemade-pork-buns-18-pack.b3a41e86a48c8c484a3f5e87aeedd511.jpeg?ixlib=react-9.0.2&auto=format&ar=1%3A1",
    "name": "RedFarm",
    "dsc": "Homemade Pork Buns - 18 Pack",
    "price": 99,
    "rate": 4,
    "country": "New York, NY"
  },
  {
    "id": "3831812-legendary-pulled-pork-z-man-sandwich-kit-8-pack",
    "img": "https://goldbelly.imgix.net/uploads/showcase_media_asset/image/135517/Joe_s-KC-Pork-Z-Man-Product-1.jpg?ixlib=react-9.0.2&auto=format&ar=1%3A1",
    "name": "Joe's KC BBQ",
    "dsc": "Legendary Pulled Pork Z-Man Sandwich Kit - 8 Pack",
    "price": 89.99,
    "rate": 4,
    "country": "Kansas City, KS"
  },
  {
    "id": "17347-pulled-pork-6-pound-pack",
    "img": "https://goldbelly.imgix.net/uploads/showcase_media_asset/image/137386/Central-BBQ-Pulled-Pork-Packs-2.jpg?ixlib=react-9.0.2&auto=format&ar=1%3A1",
    "name": "Central BBQ",
    "dsc": "Pulled Pork Pack - Serves 10-12",
    "price": 125,
    "rate": 5,
    "country": "Memphis, TN"
  },
  {
    "id": "duck-lamb-salami-delight-gift-box-4-pack",
    "img": "https://goldbelly.imgix.net/uploads/showcase_media_asset/image/129030/duck-lamb-delight-gift-box-4-pack.a1e4bd2f80720f0b4341387705ff2ddb.jpeg?ixlib=react-9.0.2&auto=format&ar=1%3A1",
    "name": "Salty Pork Bits",
    "dsc": "Duck + Lamb Salami Delight Gift Box - 4 Pack",
    "price": 59,
    "rate": 5,
    "country": "Pittsburgh, PA"
  },
  {
    "id": "pulled-pork-and-baby-back-ribs-combo",
    "img": "https://goldbelly.imgix.net/uploads/showcase_media_asset/image/115360/pulled-pork-and-baby-back-ribs-combo.65b3eb24682385c2f3b8579b57229b84.jpg?ixlib=react-9.0.2&auto=format&ar=1%3A1",
    "name": "Blue Smoke",
    "dsc": "Pulled Pork & Baby Back Ribs Combo",
    "price": 129,
    "rate": 4,
    "country": "New York, NY"
  },
  {
    "id": "habbersett-scrapple-and-taylor-pork-roll-combo",
    "img": "https://goldbelly.imgix.net/uploads/showcase_media_asset/image/133435/habbersett-scrapple-and-taylor-pork-roll-combo.a97052fdcec87f49faa5c6caa1e1271b.jpg?ixlib=react-9.0.2&auto=format&ar=1%3A1",
    "name": "Habbersett Scrapple",
    "dsc": "Habbersett Scrapple & Taylor Pork Roll Combo",
    "price": 69,
    "rate": 4,
    "country": "Bridgeville, DE"
  },
  {
    "id": "cardiff-crack-tri-tip-and-pork-chops-combo-pack",
    "img": "https://goldbelly.imgix.net/uploads/showcase_media_asset/image/134802/cardiff-crack-tri-tip-and-pork-chops-combo-pack.4e443672759c54837bc8a8cb1511faaa.jpg?ixlib=react-9.0.2&auto=format&ar=1%3A1",
    "name": "Seaside Market",
    "dsc": "Cardiff Crack Tri Tip & Pork Chops Combo Pack",
    "price": 149,
    "rate": 5,
    "country": "Cardiff by the Sea, CA"
  },
  {
    "id": "ms-made-double-smoked-pork-sausage-sampler",
    "img": "https://goldbelly.imgix.net/uploads/showcase_media_asset/image/131807/ms-made-double-smoked-pork-sausage-sampler.47b527fab5f80d9a2eb41f2cefcb427f.JPG?ixlib=react-9.0.2&auto=format&ar=1%3A1",
    "name": "The Shed BBQ & Blues Joint",
    "dsc": "MS Made Double Smoked Pork Sausage Sampler",
    "price": 79,
    "rate": 5,
    "country": "Ocean Springs, MS"
  },
  {
    "id": "dry-rub-ribs-and-pulled-pork-dinner-for-8",
    "img": "https://goldbelly.imgix.net/uploads/showcase_media_asset/image/134350/dry-rub-ribs-and-pulled-pork-dinner-for-8.2126099f0e2ec6b6ecfb5408a3cc0a2e.jpg?ixlib=react-9.0.2&auto=format&ar=1%3A1",
    "name": "Peg Leg Porker",
    "dsc": "Dry-Rub Ribs and Pulled Pork Dinner for 8",
    "price": 139,
    "rate": 5,
    "country": "Nashville, TN"
  },
  {
    "id": "whole-duroc-pulled-pork-shoulder-3-4-lbs",
    "img": "https://goldbelly.imgix.net/uploads/showcase_media_asset/image/112374/whole-duroc-pulled-pork-shoulder-3-4-lbs.bc8450cb3bebb1cb49232ef2748c5de4.jpg?ixlib=react-9.0.2&auto=format&ar=1%3A1",
    "name": "Derek Allan's Texas Barbecue",
    "dsc": "Whole Duroc Pulled Pork Shoulder - 3-4 lbs.",
    "price": 119,
    "rate": 4,
    "country": "Fort Worth, TX"
  },
  {
    "id": "taiwanese-style-pork-chop-dinner-kit-for-4",
    "img": "https://goldbelly.imgix.net/uploads/showcase_media_asset/image/107818/taiwanese-style-pork-chop-dinner-kit-for-4.af151d422000d25f084e36e5f83cccba.jpg?ixlib=react-9.0.2&auto=format&ar=1%3A1",
    "name": "Shirley Chung's Ms. Chi",
    "dsc": "Taiwanese Style Pork Chop Dinner Kit for 4",
    "price": 119,
    "rate": 5,
    "country": "Los Angeles, CA"
  },
  {
    "id": "17th-street-bbq-pulled-pork-pack",
    "img": "https://goldbelly.imgix.net/uploads/showcase_media_asset/image/90777/17th-street-bbq-pulled-pork-pack.850b9b9b4d2fe7b2652849b1a1a06f9b.jpg?ixlib=react-9.0.2&auto=format&ar=1%3A1",
    "name": "17th Street BBQ",
    "dsc": "17th Street BBQ Pulled Pork Pack",
    "price": 109,
    "rate": 4,
    "country": "Murphsboro, IL"
  },
  {
    "id": "pulled-pork-2-lbs",
    "img": "https://goldbelly.imgix.net/uploads/showcase_media_asset/image/120857/pulled-pork-2-lbs.23a8d91cd47ae9f2b9649a1faf395282.jpg?ixlib=react-9.0.2&auto=format&ar=1%3A1",
    "name": "Germantown Commissary BBQ",
    "dsc": "Pulled Pork - 2 lbs",
    "price": 75,
    "rate": 5,
    "country": "Germantown, TN"
  },
  {
    "id": "chicharron-en-salsa-verde-pork-belly-in-salsa-verde-for-2",
    "img": "https://goldbelly.imgix.net/uploads/showcase_media_asset/image/112609/chicharron-en-salsa-verde-pork-belly-in-salsa-verde-for-2.18fde7f6fbdc6ab6d905087209e0afa9.jpg?ixlib=react-9.0.2&auto=format&ar=1%3A1",
    "name": "Picos Mexican Restaurant",
    "dsc": "\"Chicharron en Salsa Verde\" - Pork Belly in Salsa Verde for 2",
    "price": 79,
    "rate": 4,
    "country": "Houston, TX"
  },
  {
    "id": "pan-fried-pork-buns-12-pack",
    "img": "https://goldbelly.imgix.net/uploads/showcase_media_asset/image/134595/pan-fried-pork-buns-12-pack.8a1b36aca41ba2cb43191336aa71df0b.jpg?ixlib=react-9.0.2&auto=format&ar=1%3A1",
    "name": "Dumpling Monster",
    "dsc": "Pan Fried Pork Buns - 12 Pack",
    "price": 65,
    "rate": 5,
    "country": "West Hollywood, CA"
  }
]
