[
  {
    "id": "the-gothamist-prosciutto-burrata-sandwich-kit-4-pack",
    "img": "https://goldbelly.imgix.net/uploads/showcase_media_asset/image/129490/the-gothamist-prosciutto-burrata-sandwich-kit-4-pack.4238b1e274d50b6e09d0b488aebe64bd.jpg?ixlib=react-9.0.2&auto=format&ar=1%3A1",
    "name": "Alidoro",
    "dsc": "\"The Gothamist\" Prosciutto + Burrata Sandwich Kit - 4 Pack",
    "price": 99,
    "rate": 4,
    "country": "New York, NY"
  },
  {
    "id": "15504-original-muffuletta-sandwich-2-pack",
    "img": "https://goldbelly.imgix.net/uploads/showcase_media_asset/image/68615/original-muffuletta-sandwich-2-pack.ee9a97c691374b6866ea5b7083dd46d5.jpg?ixlib=react-9.0.2&auto=format&ar=1%3A1",
    "name": "Central Grocery Muffulettas",
    "dsc": "Original Muffuletta Sandwich - 2-Pack (Serves 6-8)",
    "price": 109,
    "rate": 5,
    "country": "New Orleans, LA"
  },
  {
    "id": "the-bomb-sandwich-for-4",
    "img": "https://goldbelly.imgix.net/uploads/showcase_media_asset/image/85102/the-bomb-sandwich-for-4.78f5f65f8b94d6b3c81f70761b8d0f87.jpg?ixlib=react-9.0.2&auto=format&ar=1%3A1",
    "name": "Sal, Kris & Charlie's Deli",
    "dsc": "The Bomb Sandwich for 4",
    "price": 89,
    "rate": 5,
    "country": "Astoria, NY"
  },
  {
    "id": "15428-pittsburgh-party-pack",
    "img": "https://goldbelly.imgix.net/uploads/showcase_media_asset/image/132404/primanti-bros-sandwich-pack-choose-your-meat.db41e477a72d6957e98f860204ce356c.jpg?ixlib=react-9.0.2&auto=format&ar=1%3A1",
    "name": "Primanti Bros.",
    "dsc": "Primanti Bros Sandwich Pack - (Choose Your Meat)",
    "price": 89,
    "rate": 4,
    "country": "Pittsburgh, PA"
  },
  {
    "id": "pastrami-burnt-end-sandwich-kit",
    "img": "https://goldbelly.imgix.net/uploads/showcase_media_asset/image/101923/ugly-buns-burnt-end-sandwich-kit-4-pack.cadca40421c5a2b09d46673a8e2a8d37.jpeg?ixlib=react-9.0.2&auto=format&ar=1%3A1",
    "name": "Ugly Drum",
    "dsc": "Ugly Buns \"Burnt End\" Sandwich Kit - 6 Pack",
    "price": 109,
    "rate": 5,
    "country": "Los Angeles, CA"
  },
  {
    "id": "favorite-sloppy-joe-sandwich",
    "img": "https://goldbelly.imgix.net/uploads/showcase_media_asset/image/67768/new-jersey-sloppy-joe-sandwich-feeds-3.b866e4c84e09ad65cb8c6b9f4949ec7d.jpg?ixlib=react-9.0.2&auto=format&ar=1%3A1",
    "name": "Town Hall Deli",
    "dsc": "Favorite Sloppy Joe Sandwich",
    "price": 79,
    "rate": 5,
    "country": "South Orange, NJ"
  },
  {
    "id": "sandwich-best-sellers-4-pack",
    "img": "https://goldbelly.imgix.net/uploads/showcase_media_asset/image/133197/italian-sandwich-kit-best-sellers-4-pack.746c4cdd37eb5855178bcb6492fd66f6.jpg?ixlib=react-9.0.2&auto=format&ar=1%3A1",
    "name": "Alidoro",
    "dsc": "Italian Sandwich Kit Best Sellers - 4 Pack",
    "price": 99,
    "rate": 5,
    "country": "New York, NY"
  },
  {
    "id": "15504-original-muffuletta-sandwich-pack",
    "img": "https://goldbelly.imgix.net/uploads/showcase_media_asset/image/133232/original-muffuletta-sandwich-3-pack.2b00693e49ef277bc2b69810709d8fe8.jpg?ixlib=react-9.0.2&auto=format&ar=1%3A1",
    "name": "Central Grocery Muffulettas",
    "dsc": "Original Muffuletta Sandwich - 3 pack (Serves 10-12)",
    "price": 149,
    "rate": 5,
    "country": "New Orleans, LA"
  },
  {
    "id": "roast-pork-sandwich-kit-for-4",
    "img": "https://goldbelly.imgix.net/uploads/showcase_media_asset/image/134603/roast-pork-sandwich-kit-for-4.28babe63f6db57759b8e03d7a19a78eb.jpg?ixlib=react-9.0.2&auto=format&ar=1%3A1",
    "name": "Tommy DiNic's",
    "dsc": "Roast Pork Sandwich Kit for 4",
    "price": 99,
    "rate": 5,
    "country": "Philadelphia, PA"
  },
  {
    "id": "meet-the-reubens-sandwich-kit-for-4-6",
    "img": "https://goldbelly.imgix.net/uploads/showcase_media_asset/image/131830/plain-cheesecake.de3d6cefd530477dc04769774752448e.jpg?ixlib=react-9.0.2&auto=format&ar=1%3A1",
    "name": "Junior's Cheesecake",
    "dsc": "Meet the Reubens Sandwich Kit for 4-6",
    "price": 89,
    "rate": 5,
    "country": "Brooklyn, NY"
  },
  {
    "id": "italian-beef-sandwich-kit-8-pack",
    "img": "https://goldbelly.imgix.net/uploads/showcase_media_asset/image/82793/italian-beef-sandwich-kit-8-pack.b87a0062ceecd6bb8511bfad8f1af8cf.jpg?ixlib=react-9.0.2&auto=format&ar=1%3A1",
    "name": "Buona Italian Beef",
    "dsc": "Italian Beef Sandwich Kit - 8 Pack",
    "price": 99,
    "rate": 5,
    "country": "Chicago, IL"
  },
  {
    "id": "campos-philly-cheesesteaks-and-hoagies-combo-4-pack",
    "img": "https://goldbelly.imgix.net/uploads/showcase_media_asset/image/134573/campos-philly-cheesesteaks-and-hoagies-combo-4-pack.075e04e4a7054d3c042b1f380639ace9.jpg?ixlib=react-9.0.2&auto=format&ar=1%3A1",
    "name": "Campo's Philly Cheesesteaks",
    "dsc": "Campo's Philly Cheesesteaks & Hoagies Combo - 4 Pack",
    "price": 109,
    "rate": 4,
    "country": "Philadelphia, PA"
  },
  {
    "id": "the-original-french-dip-sandwich-6-pack",
    "img": "https://goldbelly.imgix.net/uploads/showcase_media_asset/image/85861/the-original-french-dip-6-pack.a52e10de7346a8330f234e2310015a05.jpg?ixlib=react-9.0.2&auto=format&ar=1%3A1",
    "name": "Philippe The Original French Dip",
    "dsc": "The Original French Dip Sandwich - 6 Pack",
    "price": 139,
    "rate": 4,
    "country": "Los Angeles, CA"
  },
  {
    "id": "23728-beef-on-weck-sandwich-kit-4-pack",
    "img": "https://goldbelly.imgix.net/uploads/showcase_media_asset/image/89891/beef-on-weck-sandwich-kit-4-pack.2e34382035f62d683dda73b11cfbe4e7.jpg?ixlib=react-9.0.2&auto=format&ar=1%3A1",
    "name": "Anderson's Frozen Custard",
    "dsc": "Beef on Weck Sandwich Kit - 4 Pack",
    "price": 89,
    "rate": 4,
    "country": "Buffalo, NY"
  },
  {
    "id": "fried-chicken-biscuit-sandwich-kit",
    "img": "https://goldbelly.imgix.net/uploads/showcase_media_asset/image/85286/fried-chicken-biscuit-sandwich-kit.44b29820e6389324a2dd7ccb0b677a22.jpg?ixlib=react-9.0.2&auto=format&ar=1%3A1",
    "name": "Sunrise Biscuit Kitchen",
    "dsc": "Fried Chicken Biscuit Sandwich Kit",
    "price": 109,
    "rate": 5,
    "country": "Chapel Hill, NC"
  },
  {
    "id": "pinocchio-sandwich-kit-4-pack",
    "img": "https://goldbelly.imgix.net/uploads/showcase_media_asset/image/133768/pinocchio-sandwich-kit-4-pack.62c1cd24452c76f7354f9fc39652bcda.jpg?ixlib=react-9.0.2&auto=format&ar=1%3A1",
    "name": "Alidoro",
    "dsc": "\"The Pinocchio\" Prosciutto + Soppressata + Mozzarella Sandwich Kit - 4 Pack",
    "price": 99,
    "rate": 4,
    "country": "New York, NY"
  },
  {
    "id": "18269-monster-sandwich-kit",
    "img": "https://goldbelly.imgix.net/uploads/showcase_media_asset/image/74442/a-monster-sandwich-kit-for-4.8bf87e4a1240c2d7b31c04ea31348639.jpg?ixlib=react-9.0.2&auto=format&ar=1%3A1",
    "name": "Sarge's Deli",
    "dsc": "A Monster Sandwich Kit for 4",
    "price": 129,
    "rate": 5,
    "country": "New York, NY"
  },
  {
    "id": "favorite-sloppy-joe-sandwich-3-pack",
    "img": "https://goldbelly.imgix.net/uploads/showcase_media_asset/image/132713/new-jersey-sloppy-joe-3-pack-serves-9.c5ef8ff07dccdd95de92621c72a831cb.png?ixlib=react-9.0.2&auto=format&ar=1%3A1",
    "name": "Town Hall Deli",
    "dsc": "Favorite Sloppy Joe Sandwich - 3 Pack",
    "price": 159,
    "rate": 5,
    "country": "South Orange, NJ"
  },
  {
    "id": "1756745-grilled-specialty-sandwich-4-pack",
    "img": "https://goldbelly.imgix.net/uploads/showcase_media_asset/image/132771/grilled-specialty-sandwich-4-pack.8129b512606a14070d490a9a5e2a97a9.jpg?ixlib=react-9.0.2&auto=format&ar=1%3A1",
    "name": "Sam LaGrassa's",
    "dsc": "Grilled Specialty Sandwich 4 Pack",
    "price": 125,
    "rate": 4,
    "country": "Boston, MA"
  },
  {
    "id": "23728-beef-on-weck-and-frozen-custard-for-4-pack",
    "img": "https://goldbelly.imgix.net/uploads/showcase_media_asset/image/89844/beef-on-weck-and-frozen-custard-for-4-pack.8b76cc5bddf98593330297b55c97835c.jpg?ixlib=react-9.0.2&auto=format&ar=1%3A1",
    "name": "Anderson's Frozen Custard",
    "dsc": "Beef on Weck & Frozen Custard for 4 Pack",
    "price": 119,
    "rate": 5,
    "country": "Buffalo, NY"
  },
  {
    "id": "legendary-brisket-z-man-sandwich-kit-8-pack",
    "img": "https://goldbelly.imgix.net/uploads/showcase_media_asset/image/135494/Joe_s-KC-Z-Man-Product-6.jpg?ixlib=react-9.0.2&auto=format&ar=1%3A1",
    "name": "Joe's KC BBQ",
    "dsc": "Legendary Brisket Z-Man Sandwich Kit - 8 Pack",
    "price": 99.99,
    "rate": 5,
    "country": "Kansas City, KS"
  },
  {
    "id": "pats-original-philly-cheesesteak-4-pack",
    "img": "https://goldbelly.imgix.net/uploads/showcase_media_asset/image/87749/pats-original-philly-cheesesteak-4-pack.fe6d8af186d93848f9a5090118fe8b46.jpg?ixlib=react-9.0.2&auto=format&ar=1%3A1",
    "name": "Pat's King of Steaks",
    "dsc": "Pat's Original Philly Cheesesteak - 4 Pack",
    "price": 99,
    "rate": 5,
    "country": "Philadelphia, PA"
  },
  {
    "id": "23699-meatball-sandwich-kit-6-pack",
    "img": "https://goldbelly.imgix.net/uploads/showcase_media_asset/image/89816/meatball-sandwich-kit-6-pack.f4f05520fe4d25f90520ffe80e543f83.jpg?ixlib=react-9.0.2&auto=format&ar=1%3A1",
    "name": "Bartolini’s",
    "dsc": "Meatball Sandwich Kit - 6 Pack",
    "price": 109,
    "rate": 4,
    "country": "Chicago, IL"
  },
  {
    "id": "famous-cuban-sandwich-kit-for-4",
    "img": "https://goldbelly.imgix.net/uploads/showcase_media_asset/image/105841/famous-cuban-sandwich-kit-for-4.6f9e16a68848ca76015bf057b2d8ab8e.jpg?ixlib=react-9.0.2&auto=format&ar=1%3A1",
    "name": "Versailles Restaurant",
    "dsc": "Famous Cuban Sandwich Kit for 4",
    "price": 79,
    "rate": 5,
    "country": "Miami, FL"
  },
  {
    "id": "18650-carolina-pulled-pork-sandwich-pack",
    "img": "https://goldbelly.imgix.net/uploads/showcase_media_asset/image/75464/carolina-pulled-pork-sandwich-pack.8e672a876d720c8471b08ffa47fbbbc1.jpg?ixlib=react-9.0.2&auto=format&ar=1%3A1",
    "name": "Kings BBQ",
    "dsc": "Carolina Pulled Pork Sandwich Pack",
    "price": 89,
    "rate": 4,
    "country": "Kinston, NC"
  },
  {
    "id": "sandwiches-choose-your-own-4-pack",
    "img": "https://goldbelly.imgix.net/uploads/showcase_media_asset/image/133186/italian-sandwich-kits-choose-your-own-4-pack.c9d2b1d33a3151dafcc65055667cd265.jpg?ixlib=react-9.0.2&auto=format&ar=1%3A1",
    "name": "Alidoro",
    "dsc": "Italian Sandwich Kits - Choose Your Own 4 Pack",
    "price": 99,
    "rate": 4,
    "country": "New York, NY"
  },
  {
    "id": "matthew-sandwich-kit-4-pack",
    "img": "https://goldbelly.imgix.net/uploads/showcase_media_asset/image/109101/matthew-sandwich-kit-4-pack.629fd9bbcf23a9f42137ee34a4807b06.jpg?ixlib=react-9.0.2&auto=format&ar=1%3A1",
    "name": "Alidoro",
    "dsc": "\"The Matthew\" Prosciutto + Mozzarella Sandwich Kit - 4 Pack",
    "price": 99,
    "rate": 4,
    "country": "New York, NY"
  },
  {
    "id": "reuben-sandwich-kit-serves-2-4",
    "img": "https://goldbelly.imgix.net/uploads/showcase_media_asset/image/85449/reuben-sandwich-kit-serves-2-4.a8b347c9d782fbd483209e94c45630cd.jpg?ixlib=react-9.0.2&auto=format&ar=1%3A1",
    "name": "Liebman's Kosher Deli",
    "dsc": "Reuben Sandwich Kit (serves 2-4)",
    "price": 109,
    "rate": 5,
    "country": "Bronx, NY"
  },
  {
    "id": "23238-pork-tenderloin-sandwich-4-pack",
    "img": "https://goldbelly.imgix.net/uploads/showcase_media_asset/image/132633/pork-tenderloin-sandwich-4-pack.b6914a19ee345d5284ed1eaf00f5c2ac.jpg?ixlib=react-9.0.2&auto=format&ar=1%3A1",
    "name": "Nick's Kitchen",
    "dsc": "Pork Tenderloin Sandwich - 4 Pack",
    "price": 79,
    "rate": 5,
    "country": "Huntington, IN"
  },
  {
    "id": "fried-chicken-sandwich-combo-kit-for-6",
    "img": "https://goldbelly.imgix.net/uploads/showcase_media_asset/image/115433/fried-chicken-sandwich-combo-kit-for-6.649e00580828a749ee120ec205cf9bb8.jpg?ixlib=react-9.0.2&auto=format&ar=1%3A1",
    "name": "Shaq's Big Chicken",
    "dsc": "Fried Chicken Sandwich Combo Kit for 6",
    "price": 79,
    "rate": 4,
    "country": "Las Vegas, NV"
  },
  {
    "id": "chaps-pit-beef-sandwich-kit-8-pack",
    "img": "https://goldbelly.imgix.net/uploads/showcase_media_asset/image/96174/chaps-signature-pit-beef-sandwich-kit-8-pack.4c8dc2a9b8a1b86d7413cb7eb0b53004.jpg?ixlib=react-9.0.2&auto=format&ar=1%3A1",
    "name": "Chaps Pit Beef",
    "dsc": "Chap's Signature Pit Beef Sandwich Kit - 8 Pack",
    "price": 99,
    "rate": 4,
    "country": "Baltimore, MD"
  },
  {
    "id": "campos-italian-hoagies-4-pack",
    "img": "https://goldbelly.imgix.net/uploads/showcase_media_asset/image/89876/campos-italian-hoagies-4-pack.d5d8bc0cfde70806e2c3116a1d0075a6.jpg?ixlib=react-9.0.2&auto=format&ar=1%3A1",
    "name": "Campo's Philly Cheesesteaks",
    "dsc": "Campo's Italian Hoagies - 4 Pack",
    "price": 109,
    "rate": 5,
    "country": "Philadelphia, PA"
  },
  {
    "id": "swiss-stack-reuben-sandwich-kit-4-pack",
    "img": "https://goldbelly.imgix.net/uploads/showcase_media_asset/image/98963/swiss-stack-reuben-sandwich-kit-4-pack.65cd91d0b83eddeec85ea11da556a280.jpg?ixlib=react-9.0.2&auto=format&ar=1%3A1",
    "name": "Ugly Drum",
    "dsc": "Swiss Stack \"Reuben\" Sandwich Kit - 4 Pack",
    "price": 125,
    "rate": 4,
    "country": "Los Angeles, CA"
  },
  {
    "id": "sub-sandwich-sampler-10-pack",
    "img": "https://goldbelly.imgix.net/uploads/showcase_media_asset/image/132050/sub-sandwich-sampler-10-pack.94ea7d56e4588b1ab4d497de1835524b.jpg?ixlib=react-9.0.2&auto=format&ar=1%3A1",
    "name": "Tony Boloney's",
    "dsc": "Sub Sandwich Sampler - 10 Pack",
    "price": 209,
    "rate": 4,
    "country": "Hoboken, NJ"
  },
  {
    "id": "choose-your-own-subs-for-4",
    "img": "https://goldbelly.imgix.net/uploads/showcase_media_asset/image/85485/choose-your-own-subs-for-4.13c18ffab976ab1579f35cddd2afee9c.jpg?ixlib=react-9.0.2&auto=format&ar=1%3A1",
    "name": "White House Subs",
    "dsc": "Choose Your Own Subs for 4",
    "price": 99,
    "rate": 5,
    "country": "Atlantic City, NJ"
  },
  {
    "id": "1550410023131-original-muffuletta-sandwich-4-pack-serves-16-20",
    "img": "https://goldbelly.imgix.net/uploads/showcase_media_asset/image/76639/original-muffuletta-sandwich-4-pack-serves-16-20.9962daf37da5599284ad218cbf6cf049.jpg?ixlib=react-9.0.2&auto=format&ar=1%3A1",
    "name": "Central Grocery Muffulettas",
    "dsc": "Original Muffuletta Sandwich - 4 pack (Serves 14-16)",
    "price": 179,
    "rate": 5,
    "country": "New Orleans, LA"
  },
  {
    "id": "sandwich-best-sellers-8-pack",
    "img": "https://goldbelly.imgix.net/uploads/showcase_media_asset/image/134378/italian-sandwich-kit-best-sellers-8-pack.7e6c21313e048070dc76d26a6ef1ef5d.jpg?ixlib=react-9.0.2&auto=format&ar=1%3A1",
    "name": "Alidoro",
    "dsc": "Italian Sandwich Kit Best Sellers - 8 Pack",
    "price": 179,
    "rate": 5,
    "country": "New York, NY"
  },
  {
    "id": "17577-prime-smoked-beef-brisket-package-for-2",
    "img": "https://goldbelly.imgix.net/uploads/showcase_media_asset/image/72771/prime-smoked-brisket-sandwich-pack-for-2.5f64f4b580dc184c5f5bed5675e65448.jpg?ixlib=react-9.0.2&auto=format&ar=1%3A1",
    "name": "Wagshal's",
    "dsc": "Prime Smoked Brisket Sandwich Pack for 2",
    "price": 69,
    "rate": 4,
    "country": "Washington, DC"
  },
  {
    "id": "chopped-brisket-sandwich-kit",
    "img": "https://goldbelly.imgix.net/uploads/showcase_media_asset/image/76735/chop-beef-sandwich-kit.840cf0a6fea897269b53ab01b2575655.jpg?ixlib=react-9.0.2&auto=format&ar=1%3A1",
    "name": "Louie Mueller Barbecue",
    "dsc": "Chopped Brisket Sandwich Kit for 8",
    "price": 129,
    "rate": 5,
    "country": "Taylor, TX"
  },
  {
    "id": "the-reggie-biscuit-sandwich-kit-for-4",
    "img": "https://goldbelly.imgix.net/uploads/showcase_media_asset/image/132111/the-reggie-sandwich-kit-for-4.f53744b8e7ad1c844cb1511b910747f1.jpg?ixlib=react-9.0.2&auto=format&ar=1%3A1",
    "name": "Pine State Biscuits",
    "dsc": "The Reggie Sandwich Kit for 4",
    "price": 89,
    "rate": 5,
    "country": "Portland, OR"
  },
  {
    "id": "boloney-rex-sub-sandwich-2-pack",
    "img": "https://goldbelly.imgix.net/uploads/showcase_media_asset/image/120497/boloney-rex-sub-sandwich-2-pack.b20da77b5509fd6fb26a350dd0f93778.jpg?ixlib=react-9.0.2&auto=format&ar=1%3A1",
    "name": "Tony Boloney's",
    "dsc": "Boloney Rex Sub Sandwich - 2 Pack",
    "price": 119,
    "rate": 4,
    "country": "Hoboken, NJ"
  },
  {
    "id": "cheesesteak-and-roast-pork-sandwich-combo-4-pack",
    "img": "https://goldbelly.imgix.net/uploads/showcase_media_asset/image/114249/cheesesteak-and-roast-pork-sandwich-combo-4-pack.97a1ad6b2b653e5b48ba79b759545476.jpg?ixlib=react-9.0.2&auto=format&ar=1%3A1",
    "name": "Fedoroff's Roast Pork",
    "dsc": "Cheesesteak & Roast Pork Sandwich Combo - 4 Pack",
    "price": 109,
    "rate": 5,
    "country": "Brooklyn, NY"
  },
  {
    "id": "237282-beef-on-weck-sandwich-kit-8-pack",
    "img": "https://goldbelly.imgix.net/uploads/showcase_media_asset/image/89888/beef-on-weck-sandwich-kit-8-pack.7c49b1a9932ebd017c1d276276349617.jpg?ixlib=react-9.0.2&auto=format&ar=1%3A1",
    "name": "Anderson's Frozen Custard",
    "dsc": "Beef on Weck Sandwich Kit - 8 Pack",
    "price": 129,
    "rate": 5,
    "country": "Buffalo, NY"
  },
  {
    "id": "blackstone-reuben-sandwich-kit-for-4",
    "img": "https://goldbelly.imgix.net/uploads/showcase_media_asset/image/86691/blackstone-reuben-sandwich-kit-for-4.05b9a82b798890ad54c874c996a78ac9.jpg?ixlib=react-9.0.2&auto=format&ar=1%3A1",
    "name": "Crescent Moon",
    "dsc": "The Original Blackstone Reuben Sandwich Kit for 4",
    "price": 99,
    "rate": 4,
    "country": "Omaha, NE"
  },
  {
    "id": "butcher-muffuletta-4-pack",
    "img": "https://goldbelly.imgix.net/uploads/showcase_media_asset/image/134083/butcher-muffuletta-4-pack.1f020f3eaccbeab19131fd4bf3578cfa.jpg?ixlib=react-9.0.2&auto=format&ar=1%3A1",
    "name": "Cochon Butcher",
    "dsc": "Cochon's Hot Muffuletta - 4 Pack",
    "price": 119,
    "rate": 5,
    "country": "New Orleans, LA"
  },
  {
    "id": "15128-philly-cheesesteak-4-pack",
    "img": "https://goldbelly.imgix.net/uploads/showcase_media_asset/image/134788/philly-cheesesteak-4-pack.ee73df8fae1147633dfe6d2bbd966c9b.jpg?ixlib=react-9.0.2&auto=format&ar=1%3A1",
    "name": "Jim's Steaks",
    "dsc": "Jim's Philly Cheesesteaks - 4 pack",
    "price": 99,
    "rate": 4,
    "country": "Philadelphia, PA"
  },
  {
    "id": "walters-hot-dog-kit-12-pack",
    "img": "https://goldbelly.imgix.net/uploads/showcase_media_asset/image/134674/walters-hot-dog-kit-12-pack.f9cb866a4860122a13c7d6730f70fe98.jpg?ixlib=react-9.0.2&auto=format&ar=1%3A1",
    "name": "Walter's Hot Dogs",
    "dsc": "Walter's Hot Dog Kit - 12 Pack",
    "price": 69,
    "rate": 4,
    "country": "Mamaroneck, NY"
  },
  {
    "id": "pastrami-sandwich-kit",
    "img": "https://goldbelly.imgix.net/uploads/showcase_media_asset/image/131233/pastrami-sandwich-kit.1dca046be2c347e50b0c541f16588211.jpg?ixlib=react-9.0.2&auto=format&ar=1%3A1",
    "name": "Kenny & Ziggy's Delicatessen",
    "dsc": "Pastrami Sandwich Kit",
    "price": 54.95,
    "rate": 4,
    "country": "Houston, TX"
  },
  {
    "id": "favorite-sloppy-joe-sandwich-2-pack",
    "img": "https://goldbelly.imgix.net/uploads/showcase_media_asset/image/67914/new-jersey-sloppy-joe-2-pack-feeds-6.6eb8ebc6b3227ce05d3d553e5a6e7e53.jpg?ixlib=react-9.0.2&auto=format&ar=1%3A1",
    "name": "Town Hall Deli",
    "dsc": "Favorite Sloppy Joe Sandwich - 2 Pack",
    "price": 109,
    "rate": 5,
    "country": "South Orange, NJ"
  },
  {
    "id": "18040-new-jersey-sloppy-joe-6-pack",
    "img": "https://goldbelly.imgix.net/uploads/showcase_media_asset/image/73824/new-jersey-sloppy-joe-6-pack.8f594005c4a06d35dafc96371608b97d.jpg?ixlib=react-9.0.2&auto=format&ar=1%3A1",
    "name": "Millburn Deli",
    "dsc": "New Jersey Sloppy Joe - 6 Pack",
    "price": 139,
    "rate": 5,
    "country": "Millburn, NJ"
  },
  {
    "id": "choose-your-own-campos-philly-sandwiches-6-pack",
    "img": "https://goldbelly.imgix.net/uploads/showcase_media_asset/image/91015/choose-your-own-campos-philly-sandwiches-6-pack.342f4b72f142aebb1ec653528884c5b0.jpg?ixlib=react-9.0.2&auto=format&ar=1%3A1",
    "name": "Campo's Philly Cheesesteaks",
    "dsc": "Choose Your Own Campo's Philly Sandwiches - 6 Pack",
    "price": 149,
    "rate": 4,
    "country": "Philadelphia, PA"
  },
  {
    "id": "picnic-chicken-sandwich-with-memphis-mustard-slaw-kit-for-4",
    "img": "https://goldbelly.imgix.net/uploads/showcase_media_asset/image/132380/picnic-chicken-sandwich-with-memphis-mustard-slaw-kit-for-4.c9f4e235ad2a2151df272744ccfba476.jpg?ixlib=react-9.0.2&auto=format&ar=1%3A1",
    "name": "Motel Fried Chicken",
    "dsc": "Picnic Chicken Sandwich with Memphis Mustard Slaw Kit for 4",
    "price": 89,
    "rate": 5,
    "country": "Philadelphia, PA"
  },
  {
    "id": "154287-primanti-bros-combo-pack-pastrami-sandwich-pack",
    "img": "https://goldbelly.imgix.net/uploads/showcase_media_asset/image/72543/primanti-bros-pastrami-sandwich-pack.7f21d2a9340d319eb387d693efec161c.jpg?ixlib=react-9.0.2&auto=format&ar=1%3A1",
    "name": "Primanti Bros.",
    "dsc": "Primanti Bros - Pastrami Sandwich Pack",
    "price": 89,
    "rate": 4,
    "country": "Pittsburgh, PA"
  },
  {
    "id": "signature-new-york-breakfast-sandwich-kit-for-6",
    "img": "https://goldbelly.imgix.net/uploads/showcase_media_asset/image/127039/signature-bagel-sandwich-kit-for-6.5b3a5097fcf69964143621f87100c669.jpg?ixlib=react-9.0.2&auto=format&ar=1%3A1",
    "name": "Orwashers Bakery",
    "dsc": "Signature New York Breakfast Sandwich Kit for 6",
    "price": 79,
    "rate": 4,
    "country": "New York, NY"
  },
  {
    "id": "pastrami-or-corned-beef-sandwich-kit-serves-2-4",
    "img": "https://goldbelly.imgix.net/uploads/showcase_media_asset/image/85369/pastrami-or-corned-beef-sandwich-kit-serves-2-4.ef6e5ae2bbabb885e2ad5779115ac39d.jpg?ixlib=react-9.0.2&auto=format&ar=1%3A1",
    "name": "Liebman's Kosher Deli",
    "dsc": "Pastrami or Corned Beef Sandwich Kit (serves 2-4)",
    "price": 99,
    "rate": 5,
    "country": "Bronx, NY"
  }
]
