[
  {
    "id": "original-texas-smoked-sausage",
    "img": "https://goldbelly.imgix.net/uploads/showcase_media_asset/image/101114/original-texas-smoked-sausage.a298e25643030c5500e225c7996fb153.jpg?ixlib=react-9.0.2&auto=format&ar=1%3A1",
    "name": "Terry Black's Barbecue",
    "dsc": "Original Texas Smoked Sausage",
    "price": 89,
    "rate": 4,
    "country": "Austin, TX"
  },
  {
    "id": "fresh-ribeye-sausage",
    "img": "https://goldbelly.imgix.net/uploads/showcase_media_asset/image/105558/fresh-ribeye-sausage-2-lbs.9e0c22fd028026e78c079c5ef64d9579.jpg?ixlib=react-9.0.2&auto=format&ar=1%3A1",
    "name": "Hebert's Specialty Meats",
    "dsc": "Fresh Ribeye Sausage",
    "price": 59,
    "rate": 5,
    "country": "Maurice, LA"
  },
  {
    "id": "001-5-pound-sausage-sampler",
    "img": "https://goldbelly.imgix.net/uploads/showcase_media_asset/image/66440/sausage-sampler-for-10.0ca584a30121a79d612254a9f7c10bb4.jpg?ixlib=react-9.0.2&auto=format&ar=1%3A1",
    "name": "Esposito Sausage",
    "dsc": "Sausage Sampler For 10",
    "price": 69,
    "rate": 4,
    "country": "New York, NY"
  },
  {
    "id": "6-sausage-sampler-pack",
    "img": "https://goldbelly.imgix.net/uploads/showcase_media_asset/image/79253/sausage-sampler-pack-serves-10-12.e2d63273c29b923ca4ad80cf63669b12.jpg?ixlib=react-9.0.2&auto=format&ar=1%3A1",
    "name": "Southside Market & Barbeque",
    "dsc": "Sausage Sampler Pack - Serves 10-12",
    "price": 89,
    "rate": 5,
    "country": "Elgin, TX"
  },
  {
    "id": "20154-bacon-wrapped-cheddar-jalapeno-sausage-slammers",
    "img": "https://goldbelly.imgix.net/uploads/showcase_media_asset/image/131365/bacon-wrapped-cheddar-jalapeno-sausage-slammers.1aad356ed0b86ebefde0c645520fddb3.jpg?ixlib=react-9.0.2&auto=format&ar=1%3A1",
    "name": "Southside Market & Barbeque",
    "dsc": "Bacon Wrapped Cheddar Jalapeño Sausage Slammers",
    "price": 79,
    "rate": 4,
    "country": "Elgin, TX"
  },
  {
    "id": "jalapeno-and-cheddar-texas-smoked-sausage",
    "img": "https://goldbelly.imgix.net/uploads/showcase_media_asset/image/101125/jalapeno-and-cheddar-texas-smoked-sausage.dc663b24836b39e0d57df946f529c90b.jpg?ixlib=react-9.0.2&auto=format&ar=1%3A1",
    "name": "Terry Black's Barbecue",
    "dsc": "Jalapeno and Cheddar Texas Smoked Sausage",
    "price": 89,
    "rate": 4,
    "country": "Austin, TX"
  },
  {
    "id": "toulouse-sausage-coil-3-pack",
    "img": "https://goldbelly.imgix.net/uploads/showcase_media_asset/image/117565/toulouse-sausage-coil-3-pack.ebe77727730b4f8fd7e0a888cb6ebe02.jpg?ixlib=react-9.0.2&auto=format&ar=1%3A1",
    "name": "Fabrique Délices",
    "dsc": "Toulouse Sausage Coil - 3 Pack",
    "price": 89,
    "rate": 5,
    "country": "Hayward, CA"
  },
  {
    "id": "hog-heaven",
    "img": "https://goldbelly.imgix.net/uploads/showcase_media_asset/image/79576/hog-heaven-pulled-pork-sausage-links.5012c36f6f049c131b04345c5326e4d3.jpg?ixlib=react-9.0.2&auto=format&ar=1%3A1",
    "name": "Joe's KC BBQ",
    "dsc": "Hog Heaven - Pulled Pork + Sausage Links",
    "price": 69.99,
    "rate": 5,
    "country": "Kansas City, KS"
  },
  {
    "id": "002-five-pound-chicken-sausage-sampler",
    "img": "https://goldbelly.imgix.net/uploads/showcase_media_asset/image/134485/chicken-sausage-sampler-for-10.b4ac88fcbabc55e4ee9ff096060cb5af.jpg?ixlib=react-9.0.2&auto=format&ar=1%3A1",
    "name": "Esposito Sausage",
    "dsc": "Chicken Sausage Sampler for 10",
    "price": 69,
    "rate": 5,
    "country": "New York, NY"
  },
  {
    "id": "boudin-sausage-sampler",
    "img": "https://goldbelly.imgix.net/uploads/showcase_media_asset/image/135476/Heberts-Boudin-Sausage-Sampler-Kit-Prodcut-1.jpg?ixlib=react-9.0.2&auto=format&ar=1%3A1",
    "name": "Hebert's Specialty Meats",
    "dsc": "Boudin + Sausage Sampler",
    "price": 99,
    "rate": 5,
    "country": "Maurice, LA"
  },
  {
    "id": "brats-choose-your-own-10-pack",
    "img": "https://goldbelly.imgix.net/uploads/showcase_media_asset/image/103017/brats-choose-your-own-10-pack.9b940a07b5cd93223d46276aac268e5c.jpg?ixlib=react-9.0.2&auto=format&ar=1%3A1",
    "name": "State Street Brats",
    "dsc": "Brats - Choose Your Own 10 Pack",
    "price": 59,
    "rate": 5,
    "country": "Madison, WI"
  },
  {
    "id": "korean-bbq-grilling-sausage-choose-your-own-12-pack",
    "img": "https://goldbelly.imgix.net/uploads/showcase_media_asset/image/131684/choose-your-own-korean-bbq-grilling-sausage-12-pack.cf65a78dff1380f12d408831c8ef51d1.jpeg?ixlib=react-9.0.2&auto=format&ar=1%3A1",
    "name": "Seoul Sausage",
    "dsc": "Korean BBQ Grilling Sausage - Choose Your Own 12 Pack",
    "price": 75,
    "rate": 4,
    "country": "Los Angeles, CA"
  },
  {
    "id": "30027-sausages-and-franks-choose-your-own-4-pack",
    "img": "https://goldbelly.imgix.net/uploads/showcase_media_asset/image/105792/sausages-and-franks-choose-your-own-4-pack.c017803b6c99d055cf3872153fb6f8a1.jpg?ixlib=react-9.0.2&auto=format&ar=1%3A1",
    "name": "Weaver's of Wellsville",
    "dsc": "Sausages & Franks - Choose Your Own 4 Pack",
    "price": 69,
    "rate": 4,
    "country": "Wellsville, PA"
  },
  {
    "id": "bbq-sausage-sampler-15-pack",
    "img": "https://goldbelly.imgix.net/uploads/showcase_media_asset/image/131414/bbq-sausage-sampler-15-pack.bbe3d777a6ff165fabaa8eb07667a3cf.jpg?ixlib=react-9.0.2&auto=format&ar=1%3A1",
    "name": "Roegels Barbecue",
    "dsc": "BBQ Sausage Sampler - 15 Pack",
    "price": 89,
    "rate": 5,
    "country": "Houston, TX"
  },
  {
    "id": "17923-the-super-bowl-sausage-special",
    "img": "https://goldbelly.imgix.net/uploads/showcase_media_asset/image/73494/ball-park-tailgate-sampler-for-12.7fc6abf1a1181f15c5822ba182b18e1d.jpg?ixlib=react-9.0.2&auto=format&ar=1%3A1",
    "name": "Esposito Sausage",
    "dsc": "Ball Park Tailgate Sampler for 12",
    "price": 69,
    "rate": 4,
    "country": "New York, NY"
  },
  {
    "id": "wild-game-sausage-best-seller-5-pack",
    "img": "https://goldbelly.imgix.net/uploads/showcase_media_asset/image/133159/wild-game-sausage-best-seller-5-pack.248d69c960a0fd1491b9cd73d1d66f96.jpg?ixlib=react-9.0.2&auto=format&ar=1%3A1",
    "name": "Broken Arrow Ranch",
    "dsc": "Wild Game Sausage Best Seller - 9 Pack",
    "price": 85,
    "rate": 5,
    "country": "Ingram, TX"
  },
  {
    "id": "sausages-choose-your-own-24-pack",
    "img": "https://goldbelly.imgix.net/uploads/showcase_media_asset/image/114515/sausages-choose-your-own-24-pack.b7c28f8124aa19512881eefec704592e.jpg?ixlib=react-9.0.2&auto=format&ar=1%3A1",
    "name": "Gastros Craft Meats",
    "dsc": "Sausages - Choose Your Own 24 Pack",
    "price": 109,
    "rate": 4,
    "country": "Woonsocket, RI"
  },
  {
    "id": "15812-hot-italian-sausage",
    "img": "https://goldbelly.imgix.net/uploads/showcase_media_asset/image/68872/hot-italian-sausage.cf60e0475f38aec2bce0c534d8db266d.jpg?ixlib=react-9.0.2&auto=format&ar=1%3A1",
    "name": "Esposito Sausage",
    "dsc": "Hot Italian Sausage For 12",
    "price": 69,
    "rate": 4,
    "country": "New York, NY"
  },
  {
    "id": "16893-choose-your-own-sausage-10lb-pack",
    "img": "https://goldbelly.imgix.net/uploads/showcase_media_asset/image/132840/signature-sausage-feast-for-20.2078fbd8a1d6e860dae1bcf1399bde8f.jpg?ixlib=react-9.0.2&auto=format&ar=1%3A1",
    "name": "Esposito Sausage",
    "dsc": "Signature Sausage Feast for 20",
    "price": 129,
    "rate": 4,
    "country": "New York, NY"
  },
  {
    "id": "grandpas-sweet-italian-sausage-3-lbs",
    "img": "https://goldbelly.imgix.net/uploads/showcase_media_asset/image/124878/usda-prime-black-angus-filet-mignon-barrel-cut.b2f88648ba2d97825f48317187c13e44.jpg?ixlib=react-9.0.2&auto=format&ar=1%3A1",
    "name": "Pat LaFrieda Meats",
    "dsc": "Grandpa's Sweet Italian Sausage - 3 lbs.",
    "price": 33,
    "rate": 4,
    "country": "North Bergen, NJ"
  },
  {
    "id": "003-pork-boudin",
    "img": "https://goldbelly.imgix.net/uploads/showcase_media_asset/image/133861/smoked-andouille-sausage.0e2d2add4f33e6cd28a2da57434859a5.jpg?ixlib=react-9.0.2&auto=format&ar=1%3A1",
    "name": "Comeaux's",
    "dsc": "Smoked Andouille Sausage",
    "price": 49,
    "rate": 4,
    "country": "Lafayette, LA"
  },
  {
    "id": "smoked-pork-bacon-sausages-10-links",
    "img": "https://goldbelly.imgix.net/uploads/showcase_media_asset/image/126815/smoked-pork-and-bacon-sausage-2-pack.fb3e7ac1491af3fcde3187e0f25a3d13.jpg?ixlib=react-9.0.2&auto=format&ar=1%3A1",
    "name": "Underbelly by Chris Shepherd",
    "dsc": "Smoked Pork & Bacon Sausages - 10 Links",
    "price": 59,
    "rate": 5,
    "country": "Houston, TX"
  },
  {
    "id": "korean-bbq-sausage-kit-for-8",
    "img": "https://goldbelly.imgix.net/uploads/showcase_media_asset/image/132174/korean-bbq-sausage-combo-kit-for-8.8e1946d141ce5cd1e3205c6f0fed21d2.jpg?ixlib=react-9.0.2&auto=format&ar=1%3A1",
    "name": "Seoul Sausage",
    "dsc": "Korean BBQ Sausage Kit for 8",
    "price": 99,
    "rate": 4,
    "country": "Los Angeles, CA"
  },
  {
    "id": "ms-made-double-smoked-pork-sausage-sampler",
    "img": "https://goldbelly.imgix.net/uploads/showcase_media_asset/image/131807/ms-made-double-smoked-pork-sausage-sampler.47b527fab5f80d9a2eb41f2cefcb427f.JPG?ixlib=react-9.0.2&auto=format&ar=1%3A1",
    "name": "The Shed BBQ & Blues Joint",
    "dsc": "MS Made Double Smoked Pork Sausage Sampler",
    "price": 79,
    "rate": 4,
    "country": "Ocean Springs, MS"
  },
  {
    "id": "bahama-mama-and-knockwurst-sausage-combo-pack",
    "img": "https://goldbelly.imgix.net/uploads/showcase_media_asset/image/134151/bahama-mama-and-knockwurst-sausage-combo-pack.f5158a6c13dae98138935bcfd96ee5b5.jpg?ixlib=react-9.0.2&auto=format&ar=1%3A1",
    "name": "Schmidt's Sausage Haus",
    "dsc": "Bahama Mama & Knockwurst Sausage Combo Pack",
    "price": 129,
    "rate": 5,
    "country": "Columbus, OH"
  },
  {
    "id": "16124-sausage-tomato-fennel",
    "img": "https://goldbelly.imgix.net/uploads/showcase_media_asset/image/132371/sausage-tomato-fennel-pie.cc3152ebcd1c39b3a9055939d84ae580.png?ixlib=react-9.0.2&auto=format&ar=1%3A1",
    "name": "Dangerously Delicious Pies",
    "dsc": "Sausage Tomato Fennel Pie",
    "price": 79,
    "rate": 4,
    "country": "Baltimore, MD"
  },
  {
    "id": "1-original-1882-hot-recipe-sausage",
    "img": "https://goldbelly.imgix.net/uploads/showcase_media_asset/image/79266/original-1882-hot-beef-sausage.2fd51e38f8e3883e35276a6ae8aaecb3.jpg?ixlib=react-9.0.2&auto=format&ar=1%3A1",
    "name": "Southside Market & Barbeque",
    "dsc": "Original \"1882\" Hot Beef Sausage",
    "price": 79,
    "rate": 5,
    "country": "Elgin, TX"
  },
  {
    "id": "texas-sausage-sampler",
    "img": "https://goldbelly.imgix.net/uploads/showcase_media_asset/image/129517/the-goodes-sausage-sampler.d4a59492f062ab1be62cd3308eaf3bde.jpg?ixlib=react-9.0.2&auto=format&ar=1%3A1",
    "name": "Goode Co. Barbeque",
    "dsc": "Texas Sausage Sampler",
    "price": 129,
    "rate": 4,
    "country": "Houston, TX"
  },
  {
    "id": "5-jalapeno-cheddar-smoked-sausage",
    "img": "https://goldbelly.imgix.net/uploads/showcase_media_asset/image/132541/jalapeno-cheddar-smoked-sausage.232a80c2738feb2bfcac0ec624e16e4c.jpg?ixlib=react-9.0.2&auto=format&ar=1%3A1",
    "name": "Southside Market & Barbeque",
    "dsc": "Jalapeño Cheddar Smoked Sausage",
    "price": 79,
    "rate": 4,
    "country": "Elgin, TX"
  },
  {
    "id": "choose-your-own-sausage-jumbo-box",
    "img": "https://goldbelly.imgix.net/uploads/showcase_media_asset/image/132047/choose-your-own-sausage-jumbo-box.aee6aa6705acdefb85fb5e6cc8805cb0.jpg?ixlib=react-9.0.2&auto=format&ar=1%3A1",
    "name": "Catskill Food Company",
    "dsc": "Choose Your Own Sausage - Jumbo Box",
    "price": 159,
    "rate": 5,
    "country": "Delhi, NY"
  },
  {
    "id": "2-original-beef-smoked-sausage",
    "img": "https://goldbelly.imgix.net/uploads/showcase_media_asset/image/79236/original-beef-smoked-sausage.65203942122995211d7e7aed36875cf1.jpg?ixlib=react-9.0.2&auto=format&ar=1%3A1",
    "name": "Southside Market & Barbeque",
    "dsc": "Original Beef Smoked Sausage",
    "price": 79,
    "rate": 5,
    "country": "Elgin, TX"
  },
  {
    "id": "beef-summer-sausage-3-pack",
    "img": "https://goldbelly.imgix.net/uploads/showcase_media_asset/image/97485/beef-summer-sausage-225-lbs.9ed3e96e274e63599c3e573c35fe497a.jpg?ixlib=react-9.0.2&auto=format&ar=1%3A1",
    "name": "Alewel's Country Meats",
    "dsc": "Beef Summer Sausage - 3 Pack",
    "price": 45,
    "rate": 5,
    "country": "Warrensburg, MO"
  },
  {
    "id": "gramercy-tavern-smoked-kielbasa-6-Pack",
    "img": "https://goldbelly.imgix.net/uploads/showcase_media_asset/image/92800/gramercy-tavern-smoked-kielbasa.c2d5882bf3ed785b85b348f1fe5717a7.png?ixlib=react-9.0.2&auto=format&ar=1%3A1",
    "name": "Gramercy Tavern",
    "dsc": "Gramercy Tavern Smoked Kielbasa - 6 Pack",
    "price": 99,
    "rate": 5,
    "country": "New York, NY"
  },
  {
    "id": "choose-your-own-sausages-8-pack",
    "img": "https://goldbelly.imgix.net/uploads/showcase_media_asset/image/132802/choose-your-own-sausages-8-pack.9d02550f44b749006c3c29d8aa7a31a5.jpg?ixlib=react-9.0.2&auto=format&ar=1%3A1",
    "name": "Bovine & Swine",
    "dsc": "Choose Your Own Sausages - 32 Pack",
    "price": 109,
    "rate": 4,
    "country": "Jackson, WY"
  },
  {
    "id": "sausages-and-salami-choose-your-own-15-pack",
    "img": "https://goldbelly.imgix.net/uploads/showcase_media_asset/image/136348/Gastros-Sausage-Salami-Sampler-Updated-Product.jpg?ixlib=react-9.0.2&auto=format&ar=1%3A1",
    "name": "Gastros Craft Meats",
    "dsc": "Sausages & Salami - Choose Your Own 15 Pack",
    "price": 99,
    "rate": 4,
    "country": "Woonsocket, RI"
  },
  {
    "id": "lamb-merguez-sausage-coil-3-packs-3-pack",
    "img": "https://goldbelly.imgix.net/uploads/showcase_media_asset/image/133066/lamb-merguez-sausage-coil-3-pack.1b35219d553e100ef985eb269cf15079.jpg?ixlib=react-9.0.2&auto=format&ar=1%3A1",
    "name": "Fabrique Délices",
    "dsc": "Lamb Merguez Sausage Coil - 3 Pack",
    "price": 99,
    "rate": 5,
    "country": "Hayward, CA"
  },
  {
    "id": "summer-grill-pack-for-6",
    "img": "https://goldbelly.imgix.net/uploads/showcase_media_asset/image/134647/summer-grill-pack-for-6.505ff0e0bfc724ff637b19cfc09fe9c7.jpg?ixlib=react-9.0.2&auto=format&ar=1%3A1",
    "name": "Schaller & Weber",
    "dsc": "Summer Grill Pack for 6",
    "price": 79,
    "rate": 5,
    "country": "New York, NY"
  },
  {
    "id": "summer-sausage-football",
    "img": "https://goldbelly.imgix.net/uploads/product_image/image/13030/summer-sausage-footballs.c4e6e8282f25bb1beadb2a89856cf1bc.jpg?ixlib=react-9.0.2&auto=format&ar=1%3A1",
    "name": "Olympia Provisions",
    "dsc": "Summer Sausage Footballs - 2 Pack",
    "price": 49,
    "rate": 4,
    "country": "Portland, OR"
  },
  {
    "id": "sausage-party-choose-your-own-32-pack",
    "img": "https://goldbelly.imgix.net/uploads/product_image/image/70163/sausage-party-choose-your-own-28-pack.cb7f9f0ee72faf3ccd21273e8e2fbff8.jpg?ixlib=react-9.0.2&auto=format&ar=1%3A1",
    "name": "Banger's Sausage House",
    "dsc": "Sausage Party - Choose Your Own 32 Pack",
    "price": 159,
    "rate": 4,
    "country": "Austin, TX"
  },
  {
    "id": "bratwurst",
    "img": "https://goldbelly.imgix.net/uploads/showcase_media_asset/image/88538/bratwurst.1adc4ad6e7b0bba7cfd06a02c6e145d9.jpg?ixlib=react-9.0.2&auto=format&ar=1%3A1",
    "name": "Esposito Sausage",
    "dsc": "Bratwurst",
    "price": 69,
    "rate": 4,
    "country": "New York, NY"
  },
  {
    "id": "19398-breakfast-sausage-sampler",
    "img": "https://goldbelly.imgix.net/uploads/showcase_media_asset/image/77045/breakfast-sausage-sampler.d0d4f6ab81c52b9ec1a5d6fd7f1cb707.jpg?ixlib=react-9.0.2&auto=format&ar=1%3A1",
    "name": "Esposito Sausage",
    "dsc": "Breakfast Sausage Sampler",
    "price": 69,
    "rate": 4,
    "country": "New York, NY"
  },
  {
    "id": "ribs-and-sausage-pack",
    "img": "https://goldbelly.imgix.net/uploads/showcase_media_asset/image/87850/ribs-and-sausage-pack.b8be6c45bc0403ef8d70d143c8978006.jpg?ixlib=react-9.0.2&auto=format&ar=1%3A1",
    "name": "Southside Market & Barbeque",
    "dsc": "Ribs & Sausage Pack",
    "price": 99,
    "rate": 5,
    "country": "Elgin, TX"
  },
  {
    "id": "docs-hot-links-2",
    "img": "https://goldbelly.imgix.net/uploads/showcase_media_asset/image/134266/docs-hot-links-2-dozen.c1ce9a98869e0b5eae5e6400de740944.jpg?ixlib=react-9.0.2&auto=format&ar=1%3A1",
    "name": "Doc's Hot Links",
    "dsc": "Doc's Famous Hot Links - 24 Pack",
    "price": 75,
    "rate": 4,
    "country": "Gilmer, TX"
  },
  {
    "id": "sausage-cheese-kolaches-12-pack",
    "img": "https://goldbelly.imgix.net/uploads/showcase_media_asset/image/133886/sausage-and-cheese-kolaches-12-pack.0cc1e527ec5a26ff23bd390d6793337f.jpg?ixlib=react-9.0.2&auto=format&ar=1%3A1",
    "name": "Pearl Snap Kolaches",
    "dsc": "Sausage and  Cheese Kolaches - 12 Pack",
    "price": 79,
    "rate": 5,
    "country": "Fort Worth, TX"
  },
  {
    "id": "les-sausage-series-combo-pack-for-10",
    "img": "https://goldbelly.imgix.net/uploads/showcase_media_asset/image/131380/les-sausage-series-combo-pack-for-10.e38a372231eb38e8878227048cb7451b.jpg?ixlib=react-9.0.2&auto=format&ar=1%3A1",
    "name": "Schaller & Weber",
    "dsc": "L.E.S. Sausage Series Combo Pack for 10",
    "price": 89,
    "rate": 4,
    "country": "New York, NY"
  },
  {
    "id": "italian-sausage-with-roasted-red-peppers-12-pack",
    "img": "https://goldbelly.imgix.net/uploads/showcase_media_asset/image/114595/italian-sausage-with-roasted-red-peppers-12-pack.c41a6d3d3fd59b8d1bd8141b619053d5.jpg?ixlib=react-9.0.2&auto=format&ar=1%3A1",
    "name": "Gastros Craft Meats",
    "dsc": "Italian Sausage with Roasted Red Peppers - 12 Pack",
    "price": 69,
    "rate": 4,
    "country": "Woonsocket, RI"
  },
  {
    "id": "chicken-and-rosemary-sausages-12-pack",
    "img": "https://goldbelly.imgix.net/uploads/product_image/image/85624/chicken-and-rosemary-sausages-12-pack.fc43bd778b81eca1c893e4226c35dfec.jpg?ixlib=react-9.0.2&auto=format&ar=1%3A1",
    "name": "Gastros Craft Meats",
    "dsc": "Chicken and Rosemary Sausages - 12 Pack",
    "price": 69,
    "rate": 4,
    "country": "Woonsocket, RI"
  },
  {
    "id": "sausage-collection",
    "img": "https://goldbelly.imgix.net/uploads/showcase_media_asset/image/81986/sausage-collection.d4a61f19c48414e6f1c41d4550512dfd.jpg?ixlib=react-9.0.2&auto=format&ar=1%3A1",
    "name": "Smoking Goose Meatery",
    "dsc": "Sausage Collection",
    "price": 69,
    "rate": 5,
    "country": "Indianapolis, IN"
  },
  {
    "id": "choose-your-own-sausage-medium-box",
    "img": "https://goldbelly.imgix.net/uploads/showcase_media_asset/image/74588/choose-your-own-sausage-medium-box.ddabd413eb17a34d827cac74243938cf.jpg?ixlib=react-9.0.2&auto=format&ar=1%3A1",
    "name": "Catskill Food Company",
    "dsc": "Choose Your Own Sausage - Medium Box",
    "price": 79,
    "rate": 4,
    "country": "Delhi, NY"
  },
  {
    "id": "gastros-sausage-bacon-and-salami-sampler-for-4",
    "img": "https://goldbelly.imgix.net/uploads/showcase_media_asset/image/136346/Gastros-Sausage-Bacon-Salami-Sampler-Updated-Product.jpg?ixlib=react-9.0.2&auto=format&ar=1%3A1",
    "name": "Gastros Craft Meats",
    "dsc": "Gastro's Sausage, Bacon, & Salami Sampler for 4",
    "price": 69,
    "rate": 4,
    "country": "Woonsocket, RI"
  },
  {
    "id": "cracked-black-pepper-sausage-8-pack",
    "img": "https://goldbelly.imgix.net/uploads/showcase_media_asset/image/129316/cracked-black-pepper-sausage-8-pack.859c514ad36fadf5912e46a3ad78eb65.jpg?ixlib=react-9.0.2&auto=format&ar=1%3A1",
    "name": "Derek Allan's Texas Barbecue",
    "dsc": "Cracked Black Pepper Sausage - 8 Pack",
    "price": 94,
    "rate": 5,
    "country": "Fort Worth, TX"
  },
  {
    "id": "sausage-best-seller-16-pack",
    "img": "https://goldbelly.imgix.net/uploads/product_image/image/70279/sausage-best-seller-16-pack.ff46759f7af2b5d50d89c42d5de45f21.jpg?ixlib=react-9.0.2&auto=format&ar=1%3A1",
    "name": "Banger's Sausage House",
    "dsc": "Sausage Best Seller  - 16 Pack",
    "price": 99,
    "rate": 5,
    "country": "Austin, TX"
  },
  {
    "id": "specialty-sausage-sampler-3-pack",
    "img": "https://goldbelly.imgix.net/uploads/showcase_media_asset/image/134457/specialty-sausage-sampler-3-pack.e398d3d09f58cd5315ee34f901563c9b.jpg?ixlib=react-9.0.2&auto=format&ar=1%3A1",
    "name": "Fabrique Délices",
    "dsc": "Specialty Sausage Sampler - 3 Pack",
    "price": 79,
    "rate": 4,
    "country": "Hayward, CA"
  },
  {
    "id": "italian-sausage-baozza-12-pack",
    "img": "https://goldbelly.imgix.net/uploads/product_image/image/103163/italian-sausage-baozza-24-pack.97113756cd2a9eab32a9ad8a653744e6.jpg?ixlib=react-9.0.2&auto=format&ar=1%3A1",
    "name": "Baozza",
    "dsc": "Italian Sausage Baozza - 12 Pack",
    "price": 79,
    "rate": 5,
    "country": "Pasadena, CA"
  },
  {
    "id": "game-sausage-sampler-3-pack",
    "img": "https://goldbelly.imgix.net/uploads/showcase_media_asset/image/133490/game-sausage-sampler-3-pack.fe4692864f3fc27be8061c0c9b0787f2.jpg?ixlib=react-9.0.2&auto=format&ar=1%3A1",
    "name": "Fabrique Délices",
    "dsc": "Game Sausage Sampler - 3 Pack",
    "price": 89,
    "rate": 5,
    "country": "Hayward, CA"
  },
  {
    "id": "texas-sized-sausage-feast",
    "img": "https://goldbelly.imgix.net/uploads/product_image/image/112301/texas-sized-sausage-sampler-package.11dca9b675f50b30604f19cc305d2aaf.jpg?ixlib=react-9.0.2&auto=format&ar=1%3A1",
    "name": "Goode Co. Barbeque",
    "dsc": "Texas-Sized Sausage Feast",
    "price": 199,
    "rate": 4,
    "country": "Houston, TX"
  },
  {
    "id": "grandpas-hot-italian-sausage-3-lbs",
    "img": "https://goldbelly.imgix.net/uploads/showcase_media_asset/image/131231/usda-prime-black-angus-filet-mignon-barrel-cut.04bcc3143f079afc4b31274b3338be24.jpg?ixlib=react-9.0.2&auto=format&ar=1%3A1",
    "name": "Pat LaFrieda Meats",
    "dsc": "Grandpa's Hot Italian Sausage - 3 lbs.",
    "price": 33,
    "rate": 5,
    "country": "North Bergen, NJ"
  },
  {
    "id": "polish-smoked-sausage",
    "img": "https://goldbelly.imgix.net/uploads/showcase_media_asset/image/132273/polish-smoked-sausage.8712f5e19f6d26cf3ff079b3fbcce1bf.jpg?ixlib=react-9.0.2&auto=format&ar=1%3A1",
    "name": "Southside Market & Barbeque",
    "dsc": "Polish Smoked Sausage",
    "price": 79,
    "rate": 5,
    "country": "Elgin, TX"
  },
  {
    "id": "smoked-sausage-2-lbs",
    "img": "https://goldbelly.imgix.net/uploads/showcase_media_asset/image/96675/smoked-sausage-2-lbs.58096049afa8b3e448956c83d9690503.jpg?ixlib=react-9.0.2&auto=format&ar=1%3A1",
    "name": "Old 300 BBQ",
    "dsc": "Smoked Sausage - 2 lbs.",
    "price": 99,
    "rate": 5,
    "country": "Blanco, TX"
  },
  {
    "id": "green-chili-hot-links",
    "img": "https://goldbelly.imgix.net/uploads/showcase_media_asset/image/106379/green-chili-hot-links-12-pack.eaea63f751aac8b82fe2874e47f45c65.jpg?ixlib=react-9.0.2&auto=format&ar=1%3A1",
    "name": "4505 Burgers & BBQ",
    "dsc": "Sausage & Hot Dog - Choose Your Own 3 lbs.",
    "price": 89,
    "rate": 5,
    "country": "San Francisco, CA"
  }
]
